claim_id,claim,gold_verdict,acceptable_verdicts,benchmark_component,reference_date,source_name,source_url,source_license,source_license_url
cand_00004,По состоянию на октябрь 2025 года расходы на оборону в Российской Федерации превышают 30% бюджета.,TRUE,TRUE,factbutcher_human_benchmark,2025-10-01,FactButcher Human Benchmark,,,
cand_00014,Посмертный альбом Леонарда Коэна “Thanks for the Dance” был выпущен 22 ноября 2019 года.,TRUE,TRUE,factbutcher_human_benchmark,2025-10-02,FactButcher Human Benchmark,,,
cand_00016,В октябре 2025 года «Орскнефтеоргсинтез» был атакован в Оренбургской области.,TRUE,TRUE,factbutcher_human_benchmark,2025-10-03,FactButcher Human Benchmark,,,
cand_00109,"Богдан Хмельницький мав можливість вести переговори з королем, сенаторами та іноземними послами.",TRUE,TRUE,factbutcher_human_benchmark,2025-10-10,FactButcher Human Benchmark,,,
cand_00110,Богдан Хмельницький потрапив у турецький полон після Цецорської битви і пробув там два роки.,TRUE,TRUE,factbutcher_human_benchmark,2025-10-10,FactButcher Human Benchmark,,,
cand_00145,Фридрих Мерц работал в компании BlackRock.,TRUE,TRUE,factbutcher_human_benchmark,2025-10-11,FactButcher Human Benchmark,,,
cand_00224,"По состоянию на октябрь 2025 года официальные сервисы в России отказываются ремонтировать автомобили Geely, купленные по параллельному импорту.",MIXED,MIXED|TRUE,factbutcher_human_benchmark,2025-10-15,FactButcher Human Benchmark,,,
cand_00242,По состоянию на октябрь 2025 года Максим Кац работает на Кремль.,FALSE,FALSE|MIXED,factbutcher_human_benchmark,2025-10-16,FactButcher Human Benchmark,,,
cand_00243,"В ОС Windows на 64-разрядном компьютере 64-разрядные программы расположены по адресу C:\Program Files, а 32-разрядные программы в C:\Program Files(x86).",TRUE,TRUE,factbutcher_human_benchmark,2025-10-16,FactButcher Human Benchmark,,,
cand_00290,В октябре 2025 года депутат Госдумы Михаил Романов написал доносы на уличных музыкантов.,TRUE,TRUE,factbutcher_human_benchmark,2025-10-20,FactButcher Human Benchmark,,,
cand_00299,"По состоянию на октябрь 2025 года в РФ для особо охраняемых территорий применяется дополнительный коэффициент 2 к ставкам платы за НВОС, что увеличивает размер платежа и стимулирует снижение воздействия.",TRUE,TRUE,factbutcher_human_benchmark,2025-10-21,FactButcher Human Benchmark,,,
cand_00329,"Исторически, золото росло во время циклов снижения ставки Федеральной резервной системы, так как привлекательность доллара падала.",MIXED,MIXED|TRUE,factbutcher_human_benchmark,2025-10-23,FactButcher Human Benchmark,,,
cand_00339,В октябре 2025 года администрация США приняла решение ввести санкции в отношении президента Колумбии Густаво Петро.,TRUE,TRUE,factbutcher_human_benchmark,2025-10-24,FactButcher Human Benchmark,,,
cand_00351,"По состоянию на октябрь 2025 года 7,5 млн человек посетили музейно-выставочный кластер ВДНХ с начала года.",TRUE,TRUE,factbutcher_human_benchmark,2025-10-25,FactButcher Human Benchmark,,,
cand_00363,"В ДНР, ЛНР, Херсонской и Запорожской областях за управление автомобилем, не прошедшим перерегистрацию после 1 января 2026 года, предусмотрена ответственность по ч. 1 ст. 12.1 КоАП РФ.",TRUE,TRUE,factbutcher_human_benchmark,2025-10-25,FactButcher Human Benchmark,,,
cand_00366,"В октябре 2025 года Кирилл Дмитриев подтвердил, что находится в США.",TRUE,TRUE,factbutcher_human_benchmark,2025-10-25,FactButcher Human Benchmark,,,
cand_00368,"В октябре 2025 года Кирилл Дмитриев, глава РФПИ и спецпредставитель президента России, прибыл в США в пятницу для встреч с рядом официальных лиц.",TRUE,TRUE,factbutcher_human_benchmark,2025-10-25,FactButcher Human Benchmark,,,
cand_00413,В 2024 году из 260 тыс. га посевов листьев коки в Колумбии 80 тыс. га были заброшены более трех лет.,MIXED,MIXED,factbutcher_human_benchmark,2025-10-26,FactButcher Human Benchmark,,,
cand_00425,В октябре 2025 года военный министр Пит Хегсет направил авианосную ударную группу Gerald R. Ford в поддержку директивы президента США Дональда Трампа о ликвидации транснациональных преступных организаций.,TRUE,TRUE,factbutcher_human_benchmark,2025-10-26,FactButcher Human Benchmark,,,
cand_00443,"В октябре 2025 года Дональд Трамп назвал Густаво Петро ""бандитом и плохим человеком"".",TRUE,TRUE,factbutcher_human_benchmark,2025-10-26,FactButcher Human Benchmark,,,
cand_00464,"Наиболее масштабные вспышки холеры происходят в Африке, где вооруженные конфликты способствуют распространению болезни.",TRUE,TRUE,factbutcher_human_benchmark,2025-10-26,FactButcher Human Benchmark,,,
cand_00482,В октябре 2025 года Президент США сообщил о прекращении торговых переговоров с Канадой.,TRUE,TRUE,factbutcher_human_benchmark,2025-10-26,FactButcher Human Benchmark,,,
cand_00484,"Премьер-министр Литвы Инга Ругинене сообщила, что власти Литвы закрыли два пограничных перехода на границе с Белоруссией до полудня 25 октября 2023 года.",FALSE,FALSE,factbutcher_human_benchmark,2025-10-26,FactButcher Human Benchmark,,,
cand_00486,"В октябре 2025 года премьер-министр Словакии Роберт Фицо заявил, что Словакия не примет участие в схемах Евросоюза по финансированию конфликта на Украине.",TRUE,TRUE,factbutcher_human_benchmark,2025-10-26,FactButcher Human Benchmark,,,
cand_00491,Программа предоставления временной защиты гражданам Украины будет действовать в странах Евросоюза до марта 2027 года.,TRUE,TRUE,factbutcher_human_benchmark,2025-10-26,FactButcher Human Benchmark,,,
cand_00580,Пикамилон принимают за час до еды.,FALSE,FALSE,factbutcher_human_benchmark,2025-11-06,FactButcher Human Benchmark,,,
cand_00610,"Мария Захарова, выйдя на пресс-конференцию в 2022 году пьяной, сообщила, что причина войны - нежелание националистически настроенных украинских хозяек делиться рецептом борща.",MIXED,MIXED,factbutcher_human_benchmark,2025-11-07,FactButcher Human Benchmark,,,
cand_00618,"Есть свидетельства, что по состоянию на ноябрь 2025 года президент Венесуэлы Николас Мадуро был готов уйти в отставку, если США обеспечат ему комфортную жизнь.",MIXED,MIXED|FALSE,factbutcher_human_benchmark,2025-11-07,FactButcher Human Benchmark,,,
cand_00625,По состоянию на ноябрь 2025 года Avast является бесплатным антивирусом.,TRUE,TRUE,factbutcher_human_benchmark,2025-11-08,FactButcher Human Benchmark,,,
cand_00627,В Китае отрыжка во время еды считается знаком благодарности,MIXED,MIXED|TRUE,factbutcher_human_benchmark,2025-11-08,FactButcher Human Benchmark,,,
cand_00628,В Монголии отрыжка во время еды считается знаком благодарности,FALSE,FALSE|MIXED,factbutcher_human_benchmark,2025-11-08,FactButcher Human Benchmark,,,
cand_00678,"По состоянию на ноябрь 2025 года каждый четвертый москвич зарабатывает больше 200.000₽ в месяц, согласно данным Росстата.",MIXED,MIXED,factbutcher_human_benchmark,2025-11-11,FactButcher Human Benchmark,,,
cand_00680,"По состоянию на ноябрь 2025 года китайцы нашли запас тория, который может обеспечить страну энергией на следующие 60 тысяч лет.",MIXED,MIXED|TRUE,factbutcher_human_benchmark,2025-11-11,FactButcher Human Benchmark,,,
cand_00689,По состоянию на ноябрь 2025 года трудовое законодательство в США не регламентирует отпуск.,TRUE,TRUE|MIXED,factbutcher_human_benchmark,2025-11-11,FactButcher Human Benchmark,,,
cand_00695,По состоянию на ноябрь 2025 года в России 500 автомобилей на 1000 жителей.,FALSE,FALSE,factbutcher_human_benchmark,2025-11-12,FactButcher Human Benchmark,,,
cand_00751,Кошкам нельзя сладкого.,TRUE,TRUE,factbutcher_human_benchmark,2025-11-15,FactButcher Human Benchmark,,,
cand_00755,По состоянию на ноябрь 2025 года лицензирование деятельности в области использования атомной энергии регулируется Постановлением Правительства РФ от 29.03.2013 № 280.,TRUE,TRUE,factbutcher_human_benchmark,2025-11-15,FactButcher Human Benchmark,,,
cand_00763,"По оценке авторов фильма «Аферист из тиндере», Саймон Леваев выманил у жертв около 10 миллионов долларов.",TRUE,TRUE,factbutcher_human_benchmark,2025-11-15,FactButcher Human Benchmark,,,
cand_00765,"По состоянию на ноябрь 2025 года последний раз Россия и Украина обменивались пленными 2 октября 2025 года, передав друг другу по 185 военнослужащих и 20 гражданских лиц в Россию.",TRUE,TRUE,factbutcher_human_benchmark,2025-11-15,FactButcher Human Benchmark,,,
cand_00776,В ноябре 2025 года сопредседатель «Альтернативы для Германии» Алис Вайдель анонсировала более строгие правила при планировании поездок членов партии в Россию.,TRUE,TRUE,factbutcher_human_benchmark,2025-11-15,FactButcher Human Benchmark,,,
cand_00811,"У А.Н. Островского было 13 братьев и сестер, но половина из них умерла в детстве.",FALSE,FALSE,factbutcher_human_benchmark,2025-11-16,FactButcher Human Benchmark,,,
cand_00826,ООО «Экоко» было привлечено к административной ответственности по статье 8.2 КоАП РФ за несоблюдение требований в области охраны окружающей среды при обращении с отходами.,MIXED,MIXED,factbutcher_human_benchmark,2025-11-17,FactButcher Human Benchmark,,,
cand_00849,15 ноября 2025 года сборная России по футболу уступила Чили (0:2) в Сочи.,TRUE,TRUE,factbutcher_human_benchmark,2025-11-19,FactButcher Human Benchmark,,,
cand_00856,По состоянию на ноябрь 2025 года более половины девятиклассников в России поступают в средние специальные учебные заведения — техникумы и колледжи.,TRUE,TRUE,factbutcher_human_benchmark,2025-11-19,FactButcher Human Benchmark,,,
cand_00870,"В ноябре 2025 года Верховный суд РФ решил, что снять ""уголовный"" арест в процессе о несостоятельности невозможно.",TRUE,TRUE,factbutcher_human_benchmark,2025-11-19,FactButcher Human Benchmark,,,
cand_00889,"Наиболее сильный афтершок у берегов Камчатки произошел 19 сентября 2023 года с магнитудой 7,8.",FALSE,FALSE,factbutcher_human_benchmark,2025-11-19,FactButcher Human Benchmark,,,
cand_00926,"19 ноября 2025 года МИД Польши закрыл генеральное консульство России в Гданьске, которое было последним в стране.",TRUE,TRUE,factbutcher_human_benchmark,2025-11-20,FactButcher Human Benchmark,,,
cand_00946,В 2019 году Владимиру Барсукову предъявили обвинение в заказе убийства Галины Старовойтовой.,TRUE,TRUE,factbutcher_human_benchmark,2025-11-20,FactButcher Human Benchmark,,,
cand_00947,"В 2019 году Джеффри Эпштейн был найден мертвым в тюремной камере, судмедэксперты назвали причиной его смерти самоубийство.",TRUE,TRUE,factbutcher_human_benchmark,2025-11-20,FactButcher Human Benchmark,,,
cand_00949,В 2025 году начал выходить сериал-приквел «Оно: Добро пожаловать в Дерри».,TRUE,TRUE,factbutcher_human_benchmark,2025-11-20,FactButcher Human Benchmark,,,
cand_00964,"Виктория Рощина попала в российский плен в августе 2023 года в Энергодаре, захваченном войсками РФ.",TRUE,TRUE,factbutcher_human_benchmark,2025-11-20,FactButcher Human Benchmark,,,
cand_00968,"Власти РФ начали ужесточать миграционную политику с марта 2024 года после теракта в «Крокус Сити Холле», в результате которого погибли 145 человек и пострадали более 550.",TRUE,TRUE|MIXED,factbutcher_human_benchmark,2025-11-20,FactButcher Human Benchmark,,,
cand_00971,Госдума приняла в третьем чтении закон «О федеральном бюджете на 2026 год и на плановый период 2027 и 2028 годов».,TRUE,TRUE,factbutcher_human_benchmark,2025-11-20,FactButcher Human Benchmark,,,
cand_00973,"Дефицит внешнеторгового баланса США в августе 2023 года сократился на 23,8% до $59,6 млрд.",FALSE,FALSE,factbutcher_human_benchmark,2025-11-20,FactButcher Human Benchmark,,,
cand_00975,"По состоянию на ноябрь 2025 года ЕС стремится координировать свои усилия с США и Великобританией для усиления эффекта от санкций против танкеров, перевозящих российскую нефть.",TRUE,TRUE,factbutcher_human_benchmark,2025-11-20,FactButcher Human Benchmark,,,
cand_00984,В 2025 году книга Ксении Лученко «Благими намерениями: Русская православная церковь и власть» получила спецнаграду премии «Просветитель» — «ПолитПросвет».,TRUE,TRUE,factbutcher_human_benchmark,2025-11-20,FactButcher Human Benchmark,,,
cand_01024,В ночь на 20 ноября 2025 года российские военные перехватили и уничтожили 65 украинских беспилотников самолетного типа над регионами Российской Федерации.,TRUE,TRUE,factbutcher_human_benchmark,2025-11-20,FactButcher Human Benchmark,,,
cand_01058,20 ноября 2023 года президент Украины Владимир Зеленский встретился с делегацией высокопоставленных американских военных под руководством министра армии США Дэна Дрисколла.,FALSE,FALSE,factbutcher_human_benchmark,2025-11-21,FactButcher Human Benchmark,,,
cand_01093,Количество рабочих мест в экономике США в сентябре 2025 года увеличилось на 119 тыс.,TRUE,TRUE,factbutcher_human_benchmark,2025-11-21,FactButcher Human Benchmark,,,
cand_01121,В ноябре 2025 года президент Украины Владимир Зеленский получил проект мирного плана США и обсудит его с американским президентом Дональдом Трампом.,TRUE,TRUE,factbutcher_human_benchmark,2025-11-21,FactButcher Human Benchmark,,,
cand_01141,С ноября 2025 года в России за использование банковских карт необходимо платить 22% НДС.,FALSE,FALSE,factbutcher_human_benchmark,2025-11-21,FactButcher Human Benchmark,,,
cand_01154,"Денежные накопления всего российского населения в банковской системе на 1 января 2025 года составляли 57,5 трлн рублей.",TRUE,TRUE,factbutcher_human_benchmark,2025-11-23,FactButcher Human Benchmark,,,
cand_01158,"Лошадь труднее поддаётся одомашниванию, чем собака или кошка, из-за сильных природных инстинктов.",MIXED,MIXED,factbutcher_human_benchmark,2025-11-23,FactButcher Human Benchmark,,,
cand_01168,"Тюлени просыпаются, когда кислород заканчивается, и плывут на поверхность подышать.",TRUE,TRUE|MIXED,factbutcher_human_benchmark,2025-11-23,FactButcher Human Benchmark,,,
cand_01176,По состоянию на ноябрь 2025 года на планете Земля за одну секунду умирает сто человек.,FALSE,FALSE,factbutcher_human_benchmark,2025-11-24,FactButcher Human Benchmark,,,
cand_01182,Температура +18 в помещении хорошо влияет на здоровье пожилых людей.,MIXED,MIXED|FALSE,factbutcher_human_benchmark,2025-11-24,FactButcher Human Benchmark,,,
cand_01203,По состоянию на ноябрь 2025 года доступ к Google и Chrome в Ростове-на-Дону полностью заблокирован.,FALSE,FALSE,factbutcher_human_benchmark,2025-11-26,FactButcher Human Benchmark,,,
cand_01222,Дуров продал NFT Telegram в ноябре 2025 года.,FALSE,FALSE|MIXED,factbutcher_human_benchmark,2025-11-28,FactButcher Human Benchmark,,,
cand_01223,Дуров продал акции Telegram в ноябре 2025 года.,FALSE,FALSE,factbutcher_human_benchmark,2025-11-28,FactButcher Human Benchmark,,,
cand_01276,Все сизые голуби происходят от одомашненных голубей.,FALSE,FALSE,factbutcher_human_benchmark,2025-12-02,FactButcher Human Benchmark,,,
cand_01282,По состоянию на декабрь 2025 года туристы могут прибыть в Азербайджан только на самолёте.,TRUE,TRUE,factbutcher_human_benchmark,2025-12-02,FactButcher Human Benchmark,,,
cand_01354,На 2026 год для закупки оружия по программе PURL необходимо $15 млрд.,TRUE,TRUE,factbutcher_human_benchmark,2025-12-08,FactButcher Human Benchmark,,,
cand_01379,"Утверждение о том, что Андрей Деркач получил звание Героя России, является фейком.",FALSE,FALSE,factbutcher_human_benchmark,2025-12-10,FactButcher Human Benchmark,,,
cand_01391,Выводы о влиянии горького шоколада на старение сделаны на основе данных почти 2000 испытуемых.,TRUE,TRUE|MIXED,factbutcher_human_benchmark,2025-12-11,FactButcher Human Benchmark,,,
cand_01401,По состоянию на декабрь 2025 года в Нижнем Новгороде трамваи «МиНиН» должны будут курсировать на маршрутах №6 и №7.,TRUE,TRUE,factbutcher_human_benchmark,2025-12-11,FactButcher Human Benchmark,,,
cand_01406,"Ларри Сильверстайн признал, что здание WTC 7 обрушилось в результате контролируемого сноса.",FALSE,FALSE,factbutcher_human_benchmark,2025-12-12,FactButcher Human Benchmark,,,
cand_01408,В декабре 2025 года полиции Берлина разрешили тайно проникать в дома подозреваемых.,TRUE,TRUE,factbutcher_human_benchmark,2025-12-12,FactButcher Human Benchmark,,,
cand_01444,"По состоянию на декабрь 2025 года нарушение законодательства в сфере промышленности, энергетики и топливных ресурсов влечёт наступление административной ответственности в соответствии с Кодексом Кыргызской Республики о правонарушениях.",TRUE,TRUE,factbutcher_human_benchmark,2025-12-15,FactButcher Human Benchmark,,,
cand_01454,Конфликт между Юрием Трутневым и Сергеем Фургалом разгорелся в 2019 году.,TRUE,TRUE,factbutcher_human_benchmark,2025-12-16,FactButcher Human Benchmark,,,
cand_01458,"Постановление Правительства РФ от 27 апреля 2024 г. № 550 запрещает ввоз отходов, указанных в специальных перечнях, в целях их обезвреживания или размещения.",TRUE,TRUE,factbutcher_human_benchmark,2025-12-16,FactButcher Human Benchmark,,,
cand_01508,Bexsero может отчасти давать защиту против гонореи,TRUE,TRUE,factbutcher_human_benchmark,2025-12-19,FactButcher Human Benchmark,,,
cand_01561,"У человека с возрастом костная масса снижается, а кости становятся хрупкими.",TRUE,TRUE,factbutcher_human_benchmark,2025-12-19,FactButcher Human Benchmark,,,
cand_01583,Электричество дешевле передавать на расстояние при большем напряжении.,TRUE,TRUE,factbutcher_human_benchmark,2025-12-19,FactButcher Human Benchmark,,,
cand_01598,"Исследователи в области ядерной физики объясняют негативное изображение на Туринской Плащанице излучением нейтронов, протонов или родственных частиц.",TRUE,TRUE,factbutcher_human_benchmark,2025-12-21,FactButcher Human Benchmark,,,
cand_01617,По состоянию на декабрь 2025 года при участии в выборах в России посредством ДЭГ каждый может проверить в интернете результаты своего голосования.,FALSE,FALSE|MIXED,factbutcher_human_benchmark,2025-12-22,FactButcher Human Benchmark,,,
cand_01629,"В декабре 2025 года премьер Италии Мелони заявила, что 2025 год был тяжелым, но следующий будет гораздо хуже.",TRUE,TRUE,factbutcher_human_benchmark,2025-12-23,FactButcher Human Benchmark,,,
cand_01666,Репортажи Карла Маркса о Крымской войне основывались на чужих телеграммах и дипломатических слухах.,MIXED,MIXED|TRUE,factbutcher_human_benchmark,2025-12-26,FactButcher Human Benchmark,,,
cand_01682,По состоянию на декабрь 2025 года Сергей Удальцов поддерживает войну России против Украины.,TRUE,TRUE,factbutcher_human_benchmark,2025-12-28,FactButcher Human Benchmark,,,
cand_01687,Биоперин и куркумин лечат артрит.,MIXED,MIXED|FALSE,factbutcher_human_benchmark,2025-12-29,FactButcher Human Benchmark,,,
cand_01711,Рекомендуется потреблять 1–2 грамма белка на килограмм массы тела.,MIXED,MIXED|TRUE,factbutcher_human_benchmark,2025-12-31,FactButcher Human Benchmark,,,
cand_01724,По состоянию на январь 2026 года Xiaomi запретила обновлять прошивку в России.,FALSE,FALSE,factbutcher_human_benchmark,2026-01-03,FactButcher Human Benchmark,,,
cand_01752,По состоянию на январь 2026 года Министерство внутренних дел Германии квалифицирует Дениса Капустина как неонациста.,TRUE,TRUE|MIXED,factbutcher_human_benchmark,2026-01-06,FactButcher Human Benchmark,,,
cand_01802,По состоянию на январь 2026 года в России штрафные санкции за неуплату налога могут составлять от 20% до 40% от недоплаченной суммы.,TRUE,TRUE,factbutcher_human_benchmark,2026-01-12,FactButcher Human Benchmark,,,
cand_01811,Перепонки между пальцами делают русского охотничьего спаниеля отличными пловцами.,MIXED,MIXED|TRUE,factbutcher_human_benchmark,2026-01-13,FactButcher Human Benchmark,,,
cand_01814,16 января 1913 года Рамануджан написал письмо Г. Харди.,TRUE,TRUE,factbutcher_human_benchmark,2026-01-14,FactButcher Human Benchmark,,,
cand_01836,"Амундсен плавал на корабле ""Фрам"".",TRUE,TRUE,factbutcher_human_benchmark,2026-01-15,FactButcher Human Benchmark,,,
cand_01837,Антипригарная посуда втрое увеличивает риск развития жировой болезни печени у человека.,MIXED,MIXED,factbutcher_human_benchmark,2026-01-15,FactButcher Human Benchmark,,,
cand_01858,"Нансен плавал на корабле ""Фрам"".",TRUE,TRUE,factbutcher_human_benchmark,2026-01-15,FactButcher Human Benchmark,,,
cand_01890,Большинство стран Южной Америки не считают Николаса Мадуро легитимным президентом после выборов 2024 года.,TRUE,TRUE,factbutcher_human_benchmark,2026-01-16,FactButcher Human Benchmark,,,
cand_01911,"В 1940 году СССР добился от Бухареста обратной уступки территории Молдовы, угрожая военным вторжением.",TRUE,TRUE,factbutcher_human_benchmark,2026-01-17,FactButcher Human Benchmark,,,
cand_01920,По состоянию на январь 2026 года 2ГИС платит 5500₽ за один отзыв.,FALSE,FALSE,factbutcher_human_benchmark,2026-01-18,FactButcher Human Benchmark,,,
cand_01946,Комплекс Stek Oost находится в Амстердаме.,TRUE,TRUE,factbutcher_human_benchmark,2026-01-19,FactButcher Human Benchmark,,,
cand_01971,"В январе 2026 года Сергей Лавров заявил, что Организация Объединенных Наций больше не выполняет возложенные на нее задачи.",MIXED,MIXED,factbutcher_human_benchmark,2026-01-20,FactButcher Human Benchmark,,,
cand_01987,Создатели сериала Очень странных дел украли сцену из мультфильма Леди Баг и Супер кот.,MIXED,MIXED,factbutcher_human_benchmark,2026-01-21,FactButcher Human Benchmark,,,
cand_01995,"По состоянию на январь 2026 года российские инженеры внедрили электронику в гусей, превратив их в боевых разведывательных гусей.",FALSE,FALSE,factbutcher_human_benchmark,2026-01-22,FactButcher Human Benchmark,,,
cand_02043,Апелляционная инстанция подтвердила решение суда в 2025 году по иску о квартире Ларисы Долиной.,TRUE,TRUE|MIXED,factbutcher_human_benchmark,2026-01-27,FactButcher Human Benchmark,,,
cand_02044,По состоянию на январь 2026 года во Франции принимают закон о запрете социальных сетей для лиц до 16 лет.,MIXED,MIXED|FALSE,factbutcher_human_benchmark,2026-01-27,FactButcher Human Benchmark,,,
cand_02053,"Согласно решению Нюрнбергского Трибунала, вины Германии в блокаде Ленинграда установлено не было.",FALSE,FALSE,factbutcher_human_benchmark,2026-01-27,FactButcher Human Benchmark,,,
cand_02062,Второе полугодие 1941 года Ленинград дал фронту 713 танков.,TRUE,TRUE,factbutcher_human_benchmark,2026-01-28,FactButcher Human Benchmark,,,
cand_02081,По состоянию на январь 2026 года Telegram и WhatsApp используются для вовлечения российских граждан в диверсионную и террористическую деятельность.,TRUE,TRUE,factbutcher_human_benchmark,2026-01-30,FactButcher Human Benchmark,,,
cand_02084,Алексей Беляев работал в Роскомнадзоре с 2011 года и в 2021 году занял должность замглавы управления контроля и надзора в сфере связи.,TRUE,TRUE,factbutcher_human_benchmark,2026-01-30,FactButcher Human Benchmark,,,
cand_02092,"До начала Великой Отечественной войны германские национал-социалисты, итальянские фашисты и советские коммунисты пытались сотрудничать в военной, политической и экономической сферах.",MIXED,MIXED|TRUE,factbutcher_human_benchmark,2026-01-30,FactButcher Human Benchmark,,,
cand_02249,"В Китае существуют фейерверки, которые называются «Романтика Хиросимы».",FALSE,FALSE|MIXED,factbutcher_human_benchmark,2026-02-11,FactButcher Human Benchmark,,,
cand_02254,Россия никогда не нападала на другие страны.,FALSE,FALSE,factbutcher_human_benchmark,2026-02-11,FactButcher Human Benchmark,,,
cand_02255,"Сергей Магнитский был первым человеком, которого пытали в российской тюрьме.",FALSE,FALSE,factbutcher_human_benchmark,2026-02-11,FactButcher Human Benchmark,,,
cand_02265,Ежедневная аудитория Телеграм в мире в 2025 году выросла в 2 раза.,FALSE,FALSE,factbutcher_human_benchmark,2026-02-12,FactButcher Human Benchmark,,,
cand_02276,В феврале 2026 года в Португалии запретили вход в социальные сети.,MIXED,MIXED|FALSE,factbutcher_human_benchmark,2026-02-14,FactButcher Human Benchmark,,,
cand_02283,По состоянию на февраль 2026 года в Московской области диагноз оспа обезьян подтверждён у трёх человек.,TRUE,TRUE,factbutcher_human_benchmark,2026-02-15,FactButcher Human Benchmark,,,
cand_02296,По состоянию на февраль 2026 года код ОКВЭД для инженерных изысканий для особо опасных объектов составляет 71.12.1.,FALSE,FALSE,factbutcher_human_benchmark,2026-02-16,FactButcher Human Benchmark,,,
cand_02317,По состоянию на февраль 2026 года самая длинная оптоволоконная линия проложена в Австралию.,MIXED,MIXED|FALSE,factbutcher_human_benchmark,2026-02-17,FactButcher Human Benchmark,,,
cand_02329,Паперомия безопасна для детей и поглощает бензол и формальдегид.,MIXED,MIXED|TRUE,factbutcher_human_benchmark,2026-02-18,FactButcher Human Benchmark,,,
cand_02334,Судебный департамент при Верховном Суде Российской Федерации согласовывает распределение ассигнований с Советом судей.,TRUE,TRUE,factbutcher_human_benchmark,2026-02-18,FactButcher Human Benchmark,,,
cand_02342,За сутки 28 января 2026 года всего ВСУ на разных направлениях СВО потеряли около 1225 военнослужащих.,MIXED,MIXED|FALSE,factbutcher_human_benchmark,2026-02-19,FactButcher Human Benchmark,,,
cand_02367,"В феврале 2026 года Верховный суд США отменил все глобальные тарифы и пошлины, введенные Трампом.",MIXED,MIXED|FALSE,factbutcher_human_benchmark,2026-02-21,FactButcher Human Benchmark,,,
cand_02391,Гликоалкалоид соланин является токсичным для людей.,TRUE,TRUE,factbutcher_human_benchmark,2026-02-23,FactButcher Human Benchmark,,,
cand_02402,Основной вклад в разгром нацистской Германии внёс Советский Союз.,TRUE,TRUE|MIXED,factbutcher_human_benchmark,2026-02-23,FactButcher Human Benchmark,,,
cand_02404,"Профессор Рррр является персонажем повести ""Что лет тому вперёд"".",TRUE,TRUE|MIXED,factbutcher_human_benchmark,2026-02-23,FactButcher Human Benchmark,,,
cand_02419,"27 февраля 1942 года Джеймс Стэнли Хей сделал вывод, что источник радиошума — Солнце.",TRUE,TRUE,factbutcher_human_benchmark,2026-02-25,FactButcher Human Benchmark,,,
cand_02456,По состоянию на март 2026 года в странах Европейского Союза можно получить тюремный срок за предложение подумать перед операцией по смене пола.,FALSE,FALSE,factbutcher_human_benchmark,2026-03-02,FactButcher Human Benchmark,,,
cand_02462,На протесты в Иране зимой 2026 года выходили пожилые люди.,TRUE,TRUE,factbutcher_human_benchmark,2026-03-02,FactButcher Human Benchmark,,,
cand_02470,"По состоянию на март 2026 года Иран признал, что его ракета попала в школу с девочками.",FALSE,FALSE,factbutcher_human_benchmark,2026-03-03,FactButcher Human Benchmark,,,
cand_02509,Ленин умер от атеросклероза сосудов головного мозга.,TRUE,TRUE|MIXED,factbutcher_human_benchmark,2026-03-08,FactButcher Human Benchmark,,,
cand_02571,По состоянию на март 2026 года у Льюиса Хэмилтона 3 ребенка.,FALSE,FALSE,factbutcher_human_benchmark,2026-03-16,FactButcher Human Benchmark,,,
cand_02589,В марте 2026 года Zenden объявил о банкротстве и полном закрытии.,FALSE,FALSE|MIXED,factbutcher_human_benchmark,2026-03-18,FactButcher Human Benchmark,,,
cand_02594,Почерк человека отражает его личностные характеристики (графология позволяет определить характер по почерку).,FALSE,FALSE,factbutcher_human_benchmark,2026-03-18,FactButcher Human Benchmark,,,
cand_02600,В марте 2026 года ЦАХАЛ вновь атаковала нефтегазовые объекты Ирана.,TRUE,TRUE,factbutcher_human_benchmark,2026-03-18,FactButcher Human Benchmark,,,
cand_02625,По состоянию на март 2026 года Владимир Путин умер.,FALSE,FALSE,factbutcher_human_benchmark,2026-03-22,FactButcher Human Benchmark,,,
cand_02655,По состоянию на март 2026 года inbox является единственным доменом в зоне .рф,FALSE,FALSE,factbutcher_human_benchmark,2026-03-26,FactButcher Human Benchmark,,,
cand_02678,По состоянию на март 2026 года полторашка крепкого пива в Германии стоит один доллар.,FALSE,FALSE,factbutcher_human_benchmark,2026-03-27,FactButcher Human Benchmark,,,
cand_02680,"Рональд Рейган рассматривался на главную роль в оскароносной «Касабланке», но в итоге Рика Блейна сыграл Хамфри Богарт.",MIXED,MIXED|FALSE,factbutcher_human_benchmark,2026-03-27,FactButcher Human Benchmark,,,
cand_02682,"Статус ""без вакцинации"" по ящуру означает, что страна избавилась не только от вируса, но и от прививок, т.е. её поголовье иммунологически наивно.",TRUE,TRUE|MIXED,factbutcher_human_benchmark,2026-03-27,FactButcher Human Benchmark,,,
cand_02740,В апреле 2026 года Роскомнадзор снимает ограничение доступа к Telegram.,FALSE,FALSE,factbutcher_human_benchmark,2026-04-01,FactButcher Human Benchmark,,,
cand_02755,В апреле 2026 года атаки ВСУ по российским портам Усть-Луга и Приморск привели к недостаче 2 млн баррелей нефти в сутки.,MIXED,MIXED|TRUE,factbutcher_human_benchmark,2026-04-03,FactButcher Human Benchmark,,,
cand_02758,По состоянию на апрель 2026 года в Германии мужчинам в возрасте от 17 до 45 лет запрещен выезд из страны без разрешения.,MIXED,MIXED|FALSE,factbutcher_human_benchmark,2026-04-03,FactButcher Human Benchmark,,,
cand_02795,"По состоянию на апрель 2026 года из благотворительного фонда, к управлению которому была причастна Чулпан Хаматова, было похищено около миллиарда рублей.",FALSE,FALSE,factbutcher_human_benchmark,2026-04-07,FactButcher Human Benchmark,,,
cand_02820,По состоянию на апрель 2026 года в Российской Федерации наблюдается значительный рост потребления лапши быстрого приготовления.,FALSE,FALSE|MIXED,factbutcher_human_benchmark,2026-04-10,FactButcher Human Benchmark,,,
cand_02839,По состоянию на апрель 2026 года в Украине запрещено делать тату несовершеннолетним.,FALSE,FALSE|MIXED,factbutcher_human_benchmark,2026-04-12,FactButcher Human Benchmark,,,
cand_02848,"Вред сигарет заключается в дыме, а не в никотине.",MIXED,MIXED|FALSE,factbutcher_human_benchmark,2026-04-13,FactButcher Human Benchmark,,,
cand_02853,По состоянию на апрель 2026 года Казахстан отправил человека на Луну.,FALSE,FALSE,factbutcher_human_benchmark,2026-04-14,FactButcher Human Benchmark,,,
cand_02945,"Останки Гитлера и других членов его семьи были захоронены на территории ГДР, а затем в 1970 году по инициативе председателя КГБ Юрия Андропова были вырыты и уничтожены.",TRUE,TRUE|MIXED,factbutcher_human_benchmark,2026-04-30,FactButcher Human Benchmark,,,
cand_02952,Нарушается работа щитовидной железы и обмена веществ из-за токсичных соединений фтора в чае «Эрл Грей».,MIXED,MIXED|FALSE,factbutcher_human_benchmark,2026-05-01,FactButcher Human Benchmark,,,
cand_02968,"Конвенция Организации Объединенных Наций по морскому праву 1982 года охватывает дно морей и океанов и его недра за пределами национальной юрисдикции, составляя около 54% площади Мирового океана.",TRUE,TRUE,factbutcher_human_benchmark,2026-05-03,FactButcher Human Benchmark,,,
cand_02978,"По состоянию на май 2026 года в конституциях стран, где дают гражданство по праву почвы, написано ""кроме детей дипломатов"".",MIXED,MIXED|FALSE,factbutcher_human_benchmark,2026-05-04,FactButcher Human Benchmark,,,
cand_02984,По состоянию на май 2026 года самый дешевый билет до Китая из Москвы стоит тысячу рублей.,FALSE,FALSE,factbutcher_human_benchmark,2026-05-04,FactButcher Human Benchmark,,,
cand_03037,В мае 2026 года президент Франции Эммануэль Макрон заявил о планах отработки ядерного удара по России.,FALSE,FALSE,factbutcher_human_benchmark,2026-05-17,FactButcher Human Benchmark,,,
cand_03071,Субедей в 1223 году руководил разгромом русских князей на реке Калка и участвовал в походах на русские земли.,TRUE,TRUE,factbutcher_human_benchmark,2026-05-19,FactButcher Human Benchmark,,,
cand_03096,По состоянию на май 2026 года сервера мессенджера Макс находятся в Чили.,FALSE,FALSE|MIXED,factbutcher_human_benchmark,2026-05-23,FactButcher Human Benchmark,,,
cand_03114,В Санкт-Петербурге запрет на продажу алкоголя начнёт действовать 27.05.26 из-за праздника выпускников «Алые паруса».,FALSE,FALSE,factbutcher_human_benchmark,2026-05-26,FactButcher Human Benchmark,,,
cand_03120,Ефим Шифрин и Олег Газманов являются родственниками.,MIXED,MIXED,factbutcher_human_benchmark,2026-05-27,FactButcher Human Benchmark,,,
cand_03125,Специальные органы чувств клещей работают как инфракрасные датчики.,TRUE,TRUE,factbutcher_human_benchmark,2026-05-27,FactButcher Human Benchmark,,,
cand_03130,По состоянию на май 2026 года Владимир Путин является президентом России.,TRUE,TRUE,factbutcher_human_benchmark,2026-05-28,FactButcher Human Benchmark,,,
cand_03132,Вторая мировая война закончилась в 1950 году.,FALSE,FALSE,factbutcher_human_benchmark,2026-05-28,FactButcher Human Benchmark,,,
cand_03186,На стенде от Чечни на ПМЭФ в 2026 году гости смогут расстрелять представителей ЛГБТ из именных золотых пулеметов Адама Кадырова.,FALSE,FALSE,factbutcher_human_benchmark,2026-06-03,FactButcher Human Benchmark,,,
cand_03193,Екатерина II плохо говорила по-русски.,MIXED,MIXED|FALSE,factbutcher_human_benchmark,2026-06-05,FactButcher Human Benchmark,,,
cand_03201,После укуса клеща приём антибиотика необязателен,TRUE,TRUE|MIXED,factbutcher_human_benchmark,2026-06-06,FactButcher Human Benchmark,,,
cand_03222,ФЗ-258 об экспериментальных правовых режимах позволяет провести пилотное тестирование без изменения основного законодательства.,TRUE,TRUE,factbutcher_human_benchmark,2026-06-08,FactButcher Human Benchmark,,,
cand_03227,"По состоянию на июнь 2026 года основным контингентом отделения социальной реабилитации, абилитации инвалидов ТЦСОН Советского района г. Минска являются выпускники центров коррекционно-развивающего обучения и реабилитации (ЦКРОиР) системы Министерства образования Республики Беларусь.",TRUE,TRUE,factbutcher_human_benchmark,2026-06-09,FactButcher Human Benchmark,,,
cand_03229,"По данным Всемирной организации здравоохранения, к 2050 году число людей старше 60 лет удвоится, достигнув 2 миллиардов.",TRUE,TRUE,factbutcher_human_benchmark,2026-06-09,FactButcher Human Benchmark,,,
cand_03286,По состоянию на июнь 2026 года в Германии мужчин 17–45 лет обязали получать разрешение на выезд из страны.,FALSE,FALSE|MIXED,factbutcher_human_benchmark,2026-06-10,FactButcher Human Benchmark,,,
cand_03320,Не все орехи являются плодами.,TRUE,TRUE|MIXED,factbutcher_human_benchmark,2026-06-12,FactButcher Human Benchmark,,,
cand_03330,По состоянию на июнь 2026 года россиянам разрешено заправляться не более чем 20 литрами бензина за один раз.,FALSE,FALSE|MIXED,factbutcher_human_benchmark,2026-06-13,FactButcher Human Benchmark,,,
cand_03341,"В июне 2026 года в Рио-де-Жанейро столкнулись два вертолёта, в результате чего погибли шесть человек.",TRUE,TRUE,factbutcher_human_benchmark,2026-06-15,FactButcher Human Benchmark,,,
cand_03363,В июне 2026 года министр обороны Германии заявил о готовности захватить Калининградскую область.,FALSE,FALSE,factbutcher_human_benchmark,2026-06-18,FactButcher Human Benchmark,,,
cand_03393,"При крушении «Титаника» среди пассажиров третьего класса выжили только мужчины, которые оттолкнули женщин и детей, чтобы занять места в спасательных шлюпках.",FALSE,FALSE,factbutcher_human_benchmark,2026-06-23,FactButcher Human Benchmark,,,
h105_r002,"Сладкая газировка повышает уровень общего воспаления в организме, связанного с несколькими типами рака.",TRUE,TRUE,factbutcher_human_benchmark,,FactButcher Human Benchmark,,,
h105_r003,Сладкая газировка увеличивает риск развития сахарного диабета,TRUE,TRUE,factbutcher_human_benchmark,,FactButcher Human Benchmark,,,
h105_r007,Сыр полезней колбасы,TRUE,TRUE|MIXED,factbutcher_human_benchmark,,FactButcher Human Benchmark,,,
h105_r008,Венера жарче Меркурия,TRUE,TRUE,factbutcher_human_benchmark,,FactButcher Human Benchmark,,,
h105_r009,"Познер не раз раскаивался в том, что занимался пропагандой.",TRUE,TRUE,factbutcher_human_benchmark,,FactButcher Human Benchmark,,,
h105_r011,40 процентов расходов правительства Украины на данный момент покрывается иностранными государствами.,TRUE,TRUE|MIXED,factbutcher_human_benchmark,,FactButcher Human Benchmark,,,
h105_r018,Глубинные диспропорции и структурные недостатки в российской экономике растут.,TRUE,TRUE|MIXED,factbutcher_human_benchmark,,FactButcher Human Benchmark,,,
h105_r022,"Сладкая газировка негативно влияет на обмен веществ и увеличивает риск развития сахарного диабета, ожирения и сердечно-сосудистых заболеваний.",TRUE,TRUE,factbutcher_human_benchmark,,FactButcher Human Benchmark,,,
h105_r039,De Beers втайне продаёт необработанные алмазы по заниженным ценам узкому кругу клиентов,TRUE,TRUE|MIXED,factbutcher_human_benchmark,,FactButcher Human Benchmark,,,
h105_r043,"В бизнесе существует формула 80/20, согласно которой 80% прибыли приносят 20% клиентов.",TRUE,TRUE|MIXED,factbutcher_human_benchmark,,FactButcher Human Benchmark,,,
h105_r044,Дороги в Дзержинске выкладывают из булыжников в виде крестов.,FALSE,FALSE,factbutcher_human_benchmark,,FactButcher Human Benchmark,,,
h105_r049,С 1 марта 2026 года в такси можно будет работать только на российских машинах.,TRUE,TRUE|MIXED,factbutcher_human_benchmark,,FactButcher Human Benchmark,,,
h105_r050,"Госдума одобрила закон, запрещающий использование иномарок в такси",MIXED,MIXED|TRUE,factbutcher_human_benchmark,,FactButcher Human Benchmark,,,
h105_r053,В России наблюдается рост цен на продукты питания.,TRUE,TRUE,factbutcher_human_benchmark,,FactButcher Human Benchmark,,,
h105_r074,Леонардо ДиКаприо поддерживает Палестину.,FALSE,FALSE|MIXED,factbutcher_human_benchmark,,FactButcher Human Benchmark,,,
h105_r080,"Правительство США вложило триллионы долларов в тайную сеть подземных городов, призванных защитить элиту от надвигающегося «события, близкого к вымиранию».",FALSE,FALSE,factbutcher_human_benchmark,,FactButcher Human Benchmark,,,
h105_r084,Картофель в России подорожал из-за отказа россиян от огородов.,FALSE,FALSE|MIXED,factbutcher_human_benchmark,,FactButcher Human Benchmark,,,
h105_r087,"Город Нью-Йорк создает 8,6% экономики всех штатов США.",FALSE,FALSE|MIXED,factbutcher_human_benchmark,,FactButcher Human Benchmark,,,
h105_r096,"Москва живёт в основном за нефть, газ и полезные ископаемые, которые добываются в азиатской части.",FALSE,FALSE|MIXED,factbutcher_human_benchmark,,FactButcher Human Benchmark,,,
h105_r101,Огромная часть населения Саудовской Аравии не знает алфавита.,FALSE,FALSE,factbutcher_human_benchmark,,FactButcher Human Benchmark,,,
h105_r102,Огромная часть населения Саудовской Аравии не может писать.,FALSE,FALSE,factbutcher_human_benchmark,,FactButcher Human Benchmark,,,
h105_r106,"Джульбарс присутствовал на Параде Победы 1945 года в Москве, несмотря на тяжёлое ранение.",FALSE,FALSE|MIXED,factbutcher_human_benchmark,,FactButcher Human Benchmark,,,
h105_r107,"Джульбарс получил медаль ""За боевые заслуги"", став первой служебной собакой, награждённой в СССР.",TRUE,TRUE|MIXED,factbutcher_human_benchmark,,FactButcher Human Benchmark,,,
h105_r108,"Джульбарс работал сапёром, участвовал в поиске мин и взрывчатых веществ.",TRUE,TRUE,factbutcher_human_benchmark,,FactButcher Human Benchmark,,,
h105_r111,Либеральная демократия является разновидностью представительной демократии.,TRUE,TRUE,factbutcher_human_benchmark,,FactButcher Human Benchmark,,,
h105_r121,Ирано-Иракская война началась из-за желания Саддама Хусейна завладеть иранскими нефтерождениями.,FALSE,FALSE|MIXED,factbutcher_human_benchmark,,FactButcher Human Benchmark,,,
h105_r137,Военные парады в Москве на 9 мая проводят с 2000 года,FALSE,FALSE,factbutcher_human_benchmark,,FactButcher Human Benchmark,,,
h105_r148,Магазин «Пятерочка» предлагает участникам войны продуктовую скидку и спецакции к 9 мая.,FALSE,FALSE|INSUFFICIENT_EVIDENCE,factbutcher_human_benchmark,,FactButcher Human Benchmark,,,
h105_r149,Дрон приказал девушке отойти от окна во время съёмки репетиции парада.,TRUE,TRUE,factbutcher_human_benchmark,,FactButcher Human Benchmark,,,
h105_r151,На уличных билбордах в городах транслируются изображения ветеранов и надпись: 'Спустя 80 лет они снова в Берлине',FALSE,FALSE,factbutcher_human_benchmark,,FactButcher Human Benchmark,,,
h105_r152,"Несмотря на все запреты, в Германии вчера прошёл Бессмертный полк.",MIXED,MIXED|TRUE,factbutcher_human_benchmark,,FactButcher Human Benchmark,,,
h105_r154,"ФНС может запросить выписку, если заметит регулярные поступления от одного и того же человека.",TRUE,TRUE|MIXED,factbutcher_human_benchmark,,FactButcher Human Benchmark,,,
h105_r158,"Швеция будет платить 32 000€ всем мигрантам, которые покинут страну",MIXED,MIXED|TRUE,factbutcher_human_benchmark,,FactButcher Human Benchmark,,,
h105_r169,Пакистан активно замечен на продаже оружия Украине,MIXED,MIXED|TRUE,factbutcher_human_benchmark,,FactButcher Human Benchmark,,,
h105_r170,Пакистан активно замечен на продаже оружия Украине.,MIXED,MIXED|TRUE,factbutcher_human_benchmark,,FactButcher Human Benchmark,,,
h105_r173,Конфликт в Кашмире вспыхивает каждые несколько лет.,MIXED,MIXED|TRUE,factbutcher_human_benchmark,,FactButcher Human Benchmark,,,
h105_r198,В США предлагали женщинам из Венесуэлы пройти стерилизацию за возможность получить образование.,FALSE,FALSE,factbutcher_human_benchmark,,FactButcher Human Benchmark,,,
h105_r212,"Если выбросы парниковых газов не снизятся, к 2100 году грибок Aspergillus охватит на 77% больше территорий, затронув Россию, Европу, Китай и другие регионы.",TRUE,TRUE|MIXED,factbutcher_human_benchmark,,FactButcher Human Benchmark,,,
h105_r223,Грибок-убийца Aspergillus может уничтожить до 9 миллионов человек в Европе и затронуть часть России.,FALSE,FALSE|MIXED,factbutcher_human_benchmark,,FactButcher Human Benchmark,,,
h105_r268,"Сенат имеет исключительные полномочия, такие как ратификация договоров, заключённых президентом, и подтверждение назначений президента.",TRUE,TRUE|MIXED,factbutcher_human_benchmark,,FactButcher Human Benchmark,,,
h105_r272,Для России номера службы поддержки Яндекс Такси: +7 (495) 999-99-99 и 8 (800) 250-04-99.,FALSE,FALSE,factbutcher_human_benchmark,,FactButcher Human Benchmark,,,
h105_r273,"Яндекс Такси можно заказать по телефону, позвонив в службу поддержки",TRUE,TRUE,factbutcher_human_benchmark,,FactButcher Human Benchmark,,,
h105_r274,Яндекс такси можно заказать по номеру телефона 1111,FALSE,FALSE,factbutcher_human_benchmark,,FactButcher Human Benchmark,,,
h105_r282,Использование Image.src с status.kraken.com позволяет обойти защиту CSP и осуществлять утечку данных на доверенные поддомены.,FALSE,FALSE|MIXED,factbutcher_human_benchmark,,FactButcher Human Benchmark,,,
h105_r288,"Модель Бернса и Митчелла основывается на детальном изучении сотен экономических показателей за длительные периоды и анализе 1,000 ежемесячных рядов данных по четырём странам.",MIXED,MIXED|TRUE,factbutcher_human_benchmark,,FactButcher Human Benchmark,,,
h105_r296,Китай замедлил вращение Земли и удлинил день,TRUE,TRUE|MIXED,factbutcher_human_benchmark,,FactButcher Human Benchmark,,,
h105_r299,Корень амброзии можно употреблять в пищу,FALSE,FALSE,factbutcher_human_benchmark,,FactButcher Human Benchmark,,,
h105_r300,Женщины любят негодяев,MIXED,MIXED|INSUFFICIENT_EVIDENCE,factbutcher_human_benchmark,,FactButcher Human Benchmark,,,
h105_r309,Мартин Санчес из Уругвая попал в Книгу рекордов Гиннесса за самое мощное УДИВЛЕНИЕ.,FALSE,FALSE|MIXED,factbutcher_human_benchmark,,FactButcher Human Benchmark,,,
h105_r322,Крупнейшая в мире гидроэлектростанция «Три ущелья» в Китае изменила распределение массы на планете,TRUE,TRUE,factbutcher_human_benchmark,,FactButcher Human Benchmark,,,
h105_r334,"ЦРУ засекло три базы пришельцев: две на Земле, одна — на Титане.",FALSE,FALSE,factbutcher_human_benchmark,,FactButcher Human Benchmark,,,
h105_r335,Любовник Макрона скончался от СПИДа,FALSE,FALSE,factbutcher_human_benchmark,,FactButcher Human Benchmark,,,
h105_r336,ВК видео накручивает просмотры,MIXED,MIXED|INSUFFICIENT_EVIDENCE,factbutcher_human_benchmark,,FactButcher Human Benchmark,,,
h105_r347,"Разработка шахт, добывающих стратегически важные полезные ископаемые, может занять от 10 до 20 лет.",TRUE,TRUE,factbutcher_human_benchmark,,FactButcher Human Benchmark,,,
h105_r348,"США и Украина могут прождать несколько десятилетий, чтобы получить доходы от соглашения по минералам",TRUE,TRUE|MIXED,factbutcher_human_benchmark,,FactButcher Human Benchmark,,,
h105_r351,"Российские ученые изобрели уникальное покрытие для зубов, уничтожающее все бактерии без зубной щетки",MIXED,MIXED|TRUE,factbutcher_human_benchmark,,FactButcher Human Benchmark,,,
h105_r361,По позвонкам можно предположить органическое заболевание головного мозга,FALSE,FALSE,factbutcher_human_benchmark,,FactButcher Human Benchmark,,,
h105_r373,Сколиоз можно вылечить,MIXED,MIXED|TRUE,factbutcher_human_benchmark,,FactButcher Human Benchmark,,,
h105_r374,Остеохондроз можно вылечить,FALSE,FALSE,factbutcher_human_benchmark,,FactButcher Human Benchmark,,,
h105_r377,Администрация Трампа разблокировала коммерческие продажи оружия на Украину после подписания сделки по недрам.,TRUE,TRUE|MIXED,factbutcher_human_benchmark,,FactButcher Human Benchmark,,,
h105_r378,Вашингтон и Киев подписали сделку о природных ресурсах Украины.,TRUE,TRUE,factbutcher_human_benchmark,,FactButcher Human Benchmark,,,
h105_r379,Табасаранский язык включили в книгу рекордов Гиннеса.,TRUE,TRUE,factbutcher_human_benchmark,,FactButcher Human Benchmark,,,
h105_r384,"История про ""рязанский сахар"" является примером теракта, связанного с ФСБ",MIXED,MIXED|FALSE|INSUFFICIENT_EVIDENCE,factbutcher_human_benchmark,,FactButcher Human Benchmark,,,
h105_r385,Некоторые теракты в России были делами рук ФСБ,MIXED,MIXED|FALSE|INSUFFICIENT_EVIDENCE,factbutcher_human_benchmark,,FactButcher Human Benchmark,,,
h105_r386,Некоторые красители способны увеличивать риск развития СДВГ у детей,MIXED,MIXED|TRUE,factbutcher_human_benchmark,,FactButcher Human Benchmark,,,
h105_r393,Зеленский согласен пойти на территориальные требования России для урегулирования конфликта на Украине,FALSE,FALSE,factbutcher_human_benchmark,,FactButcher Human Benchmark,,,
h105_r395,Правительство Зеленского может быть причастно к покушению на убийство Трампа,FALSE,FALSE,factbutcher_human_benchmark,,FactButcher Human Benchmark,,,
h105_r398,Зеленский причастен к покушению на Трампа,FALSE,FALSE,factbutcher_human_benchmark,,FactButcher Human Benchmark,,,
h105_r403,"Российские учёные создали биомиметическое покрытие, которое убивает все бактерии даже без чистки",TRUE,TRUE|MIXED,factbutcher_human_benchmark,,FactButcher Human Benchmark,,,
h105_r404,На западе Китая в чай кладут соль,TRUE,TRUE,factbutcher_human_benchmark,,FactButcher Human Benchmark,,,
h105_r405,Новая военная помощь США Украине будет считаться взносом Вашингтона в совместный инвестиционный фонд.,TRUE,TRUE,factbutcher_human_benchmark,,FactButcher Human Benchmark,,,
h105_r407,Аэрофлот добавил функцию исправления ошибки в билете.,TRUE,TRUE,factbutcher_human_benchmark,,FactButcher Human Benchmark,,,
h105_r408,"Шерстяную шапку можно растянуть после усадки, используя аммиачную воду или другие добавки.",TRUE,TRUE|MIXED,factbutcher_human_benchmark,,FactButcher Human Benchmark,,,
h105_r409,"Министр обороны Литвы Довиле Шакалене заявила, что если не удастся собрать даже 64 000 военнослужащих, это выглядит слабо.",TRUE,TRUE|INSUFFICIENT_EVIDENCE|MIXED,factbutcher_human_benchmark,,FactButcher Human Benchmark,,,
h105_r410,"Британский адмирал сэр Тони Радакин заявил, что Великобритания готова направить до 10 000 человек на Украину.",TRUE,TRUE|INSUFFICIENT_EVIDENCE|MIXED,factbutcher_human_benchmark,,FactButcher Human Benchmark,,,
h105_r411,Европе будет сложно разместить 25 000 солдат на территории Украины для участия в силах «сдерживания»,MIXED,MIXED|INSUFFICIENT_EVIDENCE,factbutcher_human_benchmark,,FactButcher Human Benchmark,,,
h105_r412,"Чтобы растянуть шерстяную шапку после усадки, можно использовать воду и кондиционер для волос.",TRUE,TRUE,factbutcher_human_benchmark,,FactButcher Human Benchmark,,,
h105_r413,"Расследование вскрыло коррупцию в Следственном комитете, в результате чего были арестованы высокопоставленные сотрудники СК, включая Дениса Никандрова и Михаила Максименко.",TRUE,TRUE,factbutcher_human_benchmark,,FactButcher Human Benchmark,,,
h105_r415,Перестрелка на Рочдельской улице произошла 14 декабря 2015 года у ресторана «Элементс».,TRUE,TRUE,factbutcher_human_benchmark,,FactButcher Human Benchmark,,,
h105_r416,Рак можно обнаружить при общем анализе крови,FALSE,FALSE|MIXED,factbutcher_human_benchmark,,FactButcher Human Benchmark,,,
h105_r426,У богачей в Нью-Йорке появился новый тренд — «девушки с устрицами» на вечеринках.,MIXED,MIXED|FALSE,factbutcher_human_benchmark,,FactButcher Human Benchmark,,,
h105_r427,Компании готовятся к возможной отмене американских санкций против РФ.,MIXED,MIXED|TRUE,factbutcher_human_benchmark,,FactButcher Human Benchmark,,,
h105_r428,"Среди компаний, обращающихся за юридической помощью, есть трейдеры сырьевыми товарами, страховщики и судоходные группы.",TRUE,TRUE,factbutcher_human_benchmark,,FactButcher Human Benchmark,,,
h105_r429,Западные компании все чаще обращаются в юридические фирмы с вопросами о возобновлении работы с Россией,TRUE,TRUE,factbutcher_human_benchmark,,FactButcher Human Benchmark,,,
h105_r433,Советский Союз получил более 14 тысяч американских самолётов по ленд-лизу,TRUE,TRUE,factbutcher_human_benchmark,,FactButcher Human Benchmark,,,
h105_r434,Сталин в 1943 году признавал важность помощи по ленд-лизу.,TRUE,TRUE,factbutcher_human_benchmark,,FactButcher Human Benchmark,,,
h105_r435,"Песков заявил, что СССР справился бы с нацистами и без американского ленд-лиза",TRUE,TRUE,factbutcher_human_benchmark,,FactButcher Human Benchmark,,,
h105_r439,"Плотина «Три ущелья» в Китае замедлила вращение Земли и добавила 0,06 микросекунд к суткам",TRUE,TRUE|MIXED,factbutcher_human_benchmark,,FactButcher Human Benchmark,,,
h105_r442,«Магнит» покупает «Азбуку вкуса»,TRUE,TRUE,factbutcher_human_benchmark,,FactButcher Human Benchmark,,,
h105_r443,"Россия ожидает, что Запад убедит Зеленского в необходимости вступить в конструктивный диалог.",TRUE,TRUE,factbutcher_human_benchmark,,FactButcher Human Benchmark,,,
h105_r445,Россия готова к прямым переговорам с Киевом,MIXED,MIXED|TRUE,factbutcher_human_benchmark,,FactButcher Human Benchmark,,,
h105_r446,Слоны боятся мышей,FALSE,FALSE,factbutcher_human_benchmark,,FactButcher Human Benchmark,,,
h105_r449,Запасы меди в Китае могут упасть до нуля в течение нескольких месяцев.,MIXED,MIXED|FALSE,factbutcher_human_benchmark,,FactButcher Human Benchmark,,,
h105_r455,Аэрофлот добавил функцию исправления ошибки в билете,TRUE,TRUE,factbutcher_human_benchmark,,FactButcher Human Benchmark,,,
h105_r458,Женщинам положено перед Папой римским появляться только в чёрном,MIXED,MIXED|TRUE,factbutcher_human_benchmark,,FactButcher Human Benchmark,,,
h105_r462,"Путин заявил, что слово участников спецоперации для него закон",TRUE,TRUE,factbutcher_human_benchmark,,FactButcher Human Benchmark,,,
h105_r464,"Уиткофф пытался уговорить Путина согласиться на прекращение огня по нынешним линиям соприкосновения, однако Путин сохранил свою максималистскую позицию",TRUE,TRUE|MIXED|INSUFFICIENT_EVIDENCE,factbutcher_human_benchmark,,FactButcher Human Benchmark,,,
h105_r465,"Путин настаивает на том, чтобы по мирному соглашению с Украиной Москве целиком перешли четыре региона: ЛНР, ДНР, Запорожская и Херсонская области.",TRUE,TRUE|MIXED,factbutcher_human_benchmark,,FactButcher Human Benchmark,,,
h105_r469,Первым о знакомстве Льва Толстого с буддийским монахом в казанском госпитале писал И. С. Тургенев в своих воспоминаниях.,FALSE,FALSE,factbutcher_human_benchmark,,FactButcher Human Benchmark,,,
h105_r473,Знакомство Толстого с буддийским монахом произошло в госпитале.,TRUE,TRUE,factbutcher_human_benchmark,,FactButcher Human Benchmark,,,
dym-v-litso-i-portsigar-s-taymerom-pravdivy-li-istorii-o-tom-kak-brezhnev-brosal-kurit,"Истории о том, как Брежнев бросал курить, включая дым в лицо и портсигар с таймером, правдивы.",TRUE,TRUE,provereno_media,2024-04-21,Provereno.Media,https://provereno.media/blog/2024/04/21/dym-v-litso-i-portsigar-s-taymerom-pravdivy-li-istorii-o-tom-kak-brezhnev-brosal-kurit/,CC BY 4.0,https://creativecommons.org/licenses/by/4.0/
govoril-li-filipp-ladzarini-chto-v-gaze-ne-bylo-goloda1,"Филипп Лаззарини говорил, что в Газе не было голода.",FALSE,FALSE,provereno_media,2025-10-15,Provereno.Media,https://provereno.media/blog/2025/10/15/govoril-li-filipp-ladzarini-chto-v-gaze-ne-bylo-goloda1/,CC BY 4.0,https://creativecommons.org/licenses/by/4.0/
govoril-li-gerbert-uells-kogda-ya-vizhu-vzroslogo-cheloveka-na-velosipede-ya-spokoen-za-chelovechestvo,"Герберт Уэллс говорил: «Когда я вижу взрослого человека на велосипеде, я спокоен за человечество».",FALSE,FALSE,provereno_media,2026-06-21,Provereno.Media,https://provereno.media/blog/2026/06/21/govoril-li-gerbert-uells-kogda-ya-vizhu-vzroslogo-cheloveka-na-velosipede-ya-spokoen-za-chelovechestvo/,CC BY 4.0,https://creativecommons.org/licenses/by/4.0/
govoril-li-kim-chen-yn-chto-bez-kolebanij-primenit-yadernoe-oruzhie-protiv-evropy-i-ssha-esli-te-napadut-na-rossiyu,"Ким Чен Ын говорил, что без колебаний применит ядерное оружие против Европы и США, если те нападут на Россию.",MIXED,MIXED|FALSE,provereno_media,2026-03-21,Provereno.Media,https://provereno.media/blog/2026/03/21/govoril-li-kim-chen-yn-chto-bez-kolebanij-primenit-yadernoe-oruzhie-protiv-evropy-i-ssha-esli-te-napadut-na-rossiyu/,CC BY 4.0,https://creativecommons.org/licenses/by/4.0/
govoril-li-mark-tven-bolshinstvo-muzhchin-umirayut-v-27-prosto-khoronyat-ikh-v-72,"Марк Твен говорил: «Большинство мужчин умирают в 27, просто хоронят их в 72».",FALSE,FALSE,provereno_media,2026-06-09,Provereno.Media,https://provereno.media/blog/2026/06/09/govoril-li-mark-tven-bolshinstvo-muzhchin-umirayut-v-27-prosto-khoronyat-ikh-v-72/,CC BY 4.0,https://creativecommons.org/licenses/by/4.0/
govoril-li-mark-tven-ne-zabluzhdaytes-v-mysli-chto-mir-vam-chem-to-obyazan-on-byl-do-vas-i-nichego-vam-ne-dolzhen-1,"Марк Твен говорил: «Не заблуждайтесь в мысли, что мир вам чем-то обязан — он был до вас и ничего вам не должен».",FALSE,FALSE,provereno_media,2026-06-25,Provereno.Media,https://provereno.media/blog/2026/06/25/govoril-li-mark-tven-ne-zabluzhdaytes-v-mysli-chto-mir-vam-chem-to-obyazan-on-byl-do-vas-i-nichego-vam-ne-dolzhen-1/,CC BY 4.0,https://creativecommons.org/licenses/by/4.0/
govoril-li-mark-tven-yesli-vy-ne-chitaete-gazet-vy-ne-informirovany-yesli-vy-chitaete-gazety-vy-dezinformirovany,"Марк Твен говорил: «Если вы не читаете газет, вы не информированы. Если вы читаете газеты, вы дезинформированы».",FALSE,FALSE,provereno_media,2026-05-06,Provereno.Media,https://provereno.media/blog/2026/05/06/govoril-li-mark-tven-yesli-vy-ne-chitaete-gazet-vy-ne-informirovany-yesli-vy-chitaete-gazety-vy-dezinformirovany/,CC BY 4.0,https://creativecommons.org/licenses/by/4.0/
govoril-li-mikelandzhelo-chto-beryot-glybu-mramora-i-otsekaet-ot-neyo-vsyo-lishnee,"Микеланджело говорил, что берет глыбу мрамора и отсекает от нее все лишнее.",FALSE,FALSE,provereno_media,2026-05-24,Provereno.Media,https://provereno.media/blog/2026/05/24/govoril-li-mikelandzhelo-chto-beryot-glybu-mramora-i-otsekaet-ot-neyo-vsyo-lishnee/,CC BY 4.0,https://creativecommons.org/licenses/by/4.0/
govoril-li-morgan-frimen-chto-nenavidit-slovo-gomofobiya,"Морган Фримен сказал, что ненавидит слово «гомофобия».",FALSE,FALSE,provereno_media,2026-05-31,Provereno.Media,https://provereno.media/blog/2026/05/31/govoril-li-morgan-frimen-chto-nenavidit-slovo-gomofobiya/,CC BY 4.0,https://creativecommons.org/licenses/by/4.0/
govoril-li-okudzhava-my-professionalnye-raby,"Окуджава говорил: «Мы семьдесят лет деградировали, дичали. Знаете, есть замечательный пример из Библии. Когда Моисей уводил евреев из египетского плена, он вёл их сорок лет вместо пяти дней, чтобы вымерло поколение, которое было рабами, и чтобы появились люди, свободные от чувства рабства. А мы — не просто рабы, которые страдают от тягот, мы — профессиональные рабы, которые гордятся своим рабством».",TRUE,TRUE|MIXED,provereno_media,2024-05-16,Provereno.Media,https://provereno.media/blog/2024/05/16/govoril-li-okudzhava-my-professionalnye-raby/,CC BY 4.0,https://creativecommons.org/licenses/by/4.0/
govoril-li-pikasso-ya-vsegda-delayu-to-chto-ne-umeyu-delat-tak-ya-mogu-nauchitsya-etomu,"Пикассо говорил: «Я всегда делаю то, что не умею делать. Так я могу научиться этому».",FALSE,FALSE,provereno_media,2026-06-16,Provereno.Media,https://provereno.media/blog/2026/06/16/govoril-li-pikasso-ya-vsegda-delayu-to-chto-ne-umeyu-delat-tak-ya-mogu-nauchitsya-etomu/,CC BY 4.0,https://creativecommons.org/licenses/by/4.0/
govoril-li-sartr-chto-ljuboj-antikommunist-svoloch,"Сартр говорил, что «любой антикоммунист — сволочь».",TRUE,TRUE,provereno_media,2022-01-13,Provereno.Media,https://provereno.media/blog/2022/01/13/govoril-li-sartr-chto-ljuboj-antikommunist-svoloch/,CC BY 4.0,https://creativecommons.org/licenses/by/4.0/
govoril-li-stalin-chto-syn-za-otca-ne-otvechaet,Сталин говорил: «Сын за отца не отвечает».,TRUE,TRUE,provereno_media,2021-03-18,Provereno.Media,https://provereno.media/blog/2021/03/18/govoril-li-stalin-chto-syn-za-otca-ne-otvechaet/,CC BY 4.0,https://creativecommons.org/licenses/by/4.0/
govoril-li-tjutchev-o-beshenoj-nenavisti-kotoraja-razzhigalas-na-zapade-protiv-rossii,"Тютчев говорил о «бешеной ненависти», которая «разжигалась на Западе против России».",TRUE,TRUE,provereno_media,2022-03-17,Provereno.Media,https://provereno.media/blog/2022/03/17/govoril-li-tjutchev-o-beshenoj-nenavisti-kotoraja-razzhigalas-na-zapade-protiv-rossii/,CC BY 4.0,https://creativecommons.org/licenses/by/4.0/
govoril-li-tramp-chto-ssha-i-italiya-soyuzniki-so-vremyon-drevnego-rima,"Трамп говорил, что США и Италия — союзники со времён Древнего Рима.",FALSE,FALSE,provereno_media,2025-04-10,Provereno.Media,https://provereno.media/blog/2025/04/10/govoril-li-tramp-chto-ssha-i-italiya-soyuzniki-so-vremyon-drevnego-rima/,CC BY 4.0,https://creativecommons.org/licenses/by/4.0/
govoril-li-tramp-chto-terakt-11-sentyabrya-delo-ruk-ssha,"Дональд Трамп обвинил власти США в подрыве башен-близнецов и заявил, что теракт 11 сентября — дело рук США.",FALSE,FALSE,provereno_media,2024-02-02,Provereno.Media,https://provereno.media/blog/2024/02/02/govoril-li-tramp-chto-terakt-11-sentyabrya-delo-ruk-ssha/,CC BY 4.0,https://creativecommons.org/licenses/by/4.0/
govorila-li-kamala-harris-chto-pri-sokrashenii-naseleniya-bolshe-detej-smogut-dyshat-chistym-vozduhom-i-pit-chistuyu-vodu,"Камала Харрис говорила, что при сокращении населения больше детей «смогут дышать чистым воздухом и пить чистую воду».",TRUE,TRUE,provereno_media,2024-06-19,Provereno.Media,https://provereno.media/blog/2024/06/19/govorila-li-kamala-harris-chto-pri-sokrashenii-naseleniya-bolshe-detej-smogut-dyshat-chistym-vozduhom-i-pit-chistuyu-vodu/,CC BY 4.0,https://creativecommons.org/licenses/by/4.0/
govorila-li-senator-ssha-chto-pedofiliya-eto-ne-prestupleniye-a-tip-identifikatsii-lichnosti,"Член палаты представителей США от Демократической партии Кэти Портер считает, что педофилия — это не преступление, это тип идентификации личности.",FALSE,FALSE,provereno_media,2024-03-08,Provereno.Media,https://provereno.media/blog/2024/03/08/govorila-li-senator-ssha-chto-pedofiliya-eto-ne-prestupleniye-a-tip-identifikatsii-lichnosti/,CC BY 4.0,https://creativecommons.org/licenses/by/4.0/
govorila-li-ursula-fon-der-lyajen-chto-svoboda-slova-eto-virus-cenzura-vakcina,"Урсула фон дер Ляйен говорила, что свобода слова — это вирус, а цензура — вакцина.",MIXED,MIXED|FALSE,provereno_media,2025-03-03,Provereno.Media,https://provereno.media/blog/2025/03/03/govorila-li-ursula-fon-der-lyajen-chto-svoboda-slova-eto-virus-cenzura-vakcina/,CC BY 4.0,https://creativecommons.org/licenses/by/4.0/
keyl-shpinat-avokado-semena-chia-naskolko-nauchna-kontseptsiya-produktov-superfudov,"Существуют суперфуды — продукты, в небольших объёмах которых сосредоточено высокое количество разнообразных полезных веществ, и благодаря этой особенности они обладают чудодейственными свойствами.",FALSE,FALSE,provereno_media,2025-04-27,Provereno.Media,https://provereno.media/blog/2025/04/27/keyl-shpinat-avokado-semena-chia-naskolko-nauchna-kontseptsiya-produktov-superfudov/,CC BY 4.0,https://creativecommons.org/licenses/by/4.0/
pravda-li-chto-85-bezhentsev-musulmane-i-chto-musulmanskie-strany-ikh-ne-prinimayut,"Подавляющее большинство беженцев в мире — мусульмане, которых не принимают мусульманские страны.",FALSE,FALSE,provereno_media,2026-06-01,Provereno.Media,https://provereno.media/blog/2026/06/01/pravda-li-chto-85-bezhentsev-musulmane-i-chto-musulmanskie-strany-ikh-ne-prinimayut/,CC BY 4.0,https://creativecommons.org/licenses/by/4.0/
pravda-li-chto-aromasvechi-i-aromapalochki-opasnee-dlya-zdorovya-chem-sigarety,"Аромасвечи и аромапалочки опаснее для здоровья, чем сигареты.",FALSE,FALSE|MIXED,provereno_media,2025-01-21,Provereno.Media,https://provereno.media/blog/2025/01/21/pravda-li-chto-aromasvechi-i-aromapalochki-opasnee-dlya-zdorovya-chem-sigarety/,CC BY 4.0,https://creativecommons.org/licenses/by/4.0/
pravda-li-chto-barak-obama-potomok-ryurikovichey,Барак Обама — потомок Рюриковичей.,TRUE,TRUE|MIXED,provereno_media,2024-07-15,Provereno.Media,https://provereno.media/blog/2024/07/15/pravda-li-chto-barak-obama-potomok-ryurikovichey/,CC BY 4.0,https://creativecommons.org/licenses/by/4.0/
pravda-li-chto-bernard-shou-avtor-aforizma-pro-obmen-yablokami-i-ideiami,"Бернард Шоу — автор цитаты: «Если у вас есть яблоко и у меня есть яблоко и если мы обмениваемся этими яблоками, то у вас и у меня остаётся по одному яблоку. А если у вас есть идея и у меня есть идея и мы обмениваемся идеями, то у каждого из нас будет по две идеи».",FALSE,FALSE,provereno_media,2026-05-12,Provereno.Media,https://provereno.media/blog/2026/05/12/pravda-li-chto-bernard-shou-avtor-aforizma-pro-obmen-yablokami-i-ideiami/,CC BY 4.0,https://creativecommons.org/licenses/by/4.0/
pravda-li-chto-bernard-shou-avtor-aforizma-pro-obmen-yablokami-i-ideyami,Бернард Шоу является автором афоризма про обмен яблоками и идеями.,FALSE,FALSE,provereno_media,2026-05-12,Provereno.Media,https://provereno.media/blog/2026/05/12/pravda-li-chto-bernard-shou-avtor-aforizma-pro-obmen-yablokami-i-ideyami/,CC BY 4.0,https://creativecommons.org/licenses/by/4.0/
pravda-li-chto-biodobavki-s-khlorofillom-pomogayut-ot-anemii-i-akne-zaschischayut-ot-raka-i-podnimayut-immunitet,"Биодобавки с хлорофиллом помогают от анемии и акне, защищают от рака и поднимают иммунитет.",FALSE,FALSE,provereno_media,2026-06-10,Provereno.Media,https://provereno.media/blog/2026/06/10/pravda-li-chto-biodobavki-s-khlorofillom-pomogayut-ot-anemii-i-akne-zaschischayut-ot-raka-i-podnimayut-immunitet/,CC BY 4.0,https://creativecommons.org/licenses/by/4.0/
pravda-li-chto-bismark-nosil-koltso-s-nadpisyu-nichego1,Бисмарк носил кольцо с русским словом «Ничего».,FALSE,FALSE,provereno_media,2025-05-20,Provereno.Media,https://provereno.media/blog/2025/05/20/pravda-li-chto-bismark-nosil-koltso-s-nadpisyu-nichego1/,CC BY 4.0,https://creativecommons.org/licenses/by/4.0/
pravda-li-chto-blagodatny-ogon-v-ierusalime-pered-paskhoy-zazhigayut-lyudi,Благодатный огонь в Иерусалиме перед Пасхой зажигают люди.,TRUE,TRUE,provereno_media,2024-05-04,Provereno.Media,https://provereno.media/blog/2024/05/04/pravda-li-chto-blagodatny-ogon-v-ierusalime-pered-paskhoy-zazhigayut-lyudi/,CC BY 4.0,https://creativecommons.org/licenses/by/4.0/
pravda-li-chto-blinken-nazval-korrupciyu-v-ukraine-oruzhiem-putina,Блинкен назвал коррупцию в Украине оружием Путина.,MIXED,MIXED|FALSE,provereno_media,2024-05-21,Provereno.Media,https://provereno.media/blog/2024/05/21/pravda-li-chto-blinken-nazval-korrupciyu-v-ukraine-oruzhiem-putina/,CC BY 4.0,https://creativecommons.org/licenses/by/4.0/
pravda-li-chto-brazilskaya-televeduschaya-po-oshibke-nazvala-dzho-baydena-ben-ladenom,Бразильская телеведущая по ошибке назвала Джо Байдена бен Ладеном.,TRUE,TRUE,provereno_media,2024-11-26,Provereno.Media,https://provereno.media/blog/2024/11/26/pravda-li-chto-brazilskaya-televeduschaya-po-oshibke-nazvala-dzho-baydena-ben-ladenom/,CC BY 4.0,https://creativecommons.org/licenses/by/4.0/
pravda-li-chto-datsky-i-shvedsky-telekanaly-nazvali-putina-prezidentom-ssha,Датский и шведский телеканалы назвали Путина президентом США.,TRUE,TRUE,provereno_media,2025-03-20,Provereno.Media,https://provereno.media/blog/2025/03/20/pravda-li-chto-datsky-i-shvedsky-telekanaly-nazvali-putina-prezidentom-ssha/,CC BY 4.0,https://creativecommons.org/licenses/by/4.0/
pravda-li-chto-ded-annaleny-berbock-byl-nacistom,Дед министра иностранных дел ФРГ Анналены Бербок был нацистом.,TRUE,TRUE,provereno_media,2024-02-16,Provereno.Media,https://provereno.media/blog/2024/02/16/pravda-li-chto-ded-annaleny-berbock-byl-nacistom/,CC BY 4.0,https://creativecommons.org/licenses/by/4.0/
pravda-li-chto-deniel-redkliff-pokazal-synu-pervyj-film-o-garri-pottere,Дэниел Рэдклифф показал своему сыну первый фильм о Гарри Поттере и опубликовал фото этого момента.,FALSE,FALSE,provereno_media,2026-05-13,Provereno.Media,https://provereno.media/blog/2026/05/13/pravda-li-chto-deniel-redkliff-pokazal-synu-pervyj-film-o-garri-pottere/,CC BY 4.0,https://creativecommons.org/licenses/by/4.0/
pravda-li-chto-deti-bystree-vsego-rastut-vesnoy-ili-vo-sne-2,Дети быстрее всего растут весной или во сне.,MIXED,MIXED,provereno_media,2026-02-22,Provereno.Media,https://provereno.media/blog/2026/02/22/pravda-li-chto-deti-bystree-vsego-rastut-vesnoy-ili-vo-sne-2/,CC BY 4.0,https://creativecommons.org/licenses/by/4.0/
pravda-li-chto-do-serediny-khkh-veka-vo-frantsii-v-shkolnykh-stolovykh-davali-vino,До середины ХХ века во Франции в школьных столовых давали вино.,TRUE,TRUE,provereno_media,2024-06-14,Provereno.Media,https://provereno.media/blog/2024/06/14/pravda-li-chto-do-serediny-khkh-veka-vo-frantsii-v-shkolnykh-stolovykh-davali-vino/,CC BY 4.0,https://creativecommons.org/licenses/by/4.0/
pravda-li-chto-dofaminovoe-golodanie-polezno,Дофаминовое голодание полезно.,FALSE,FALSE,provereno_media,2025-05-01,Provereno.Media,https://provereno.media/blog/2025/05/01/pravda-li-chto-dofaminovoe-golodanie-polezno/,CC BY 4.0,https://creativecommons.org/licenses/by/4.0/
pravda-li-chto-dzheffri-epshteyn-nedavno-zavyol-blog-v-tiktok1,Джеффри Эпштейн недавно завёл блог в TikTok.,FALSE,FALSE,provereno_media,2026-03-18,Provereno.Media,https://provereno.media/blog/2026/03/18/pravda-li-chto-dzheffri-epshteyn-nedavno-zavyol-blog-v-tiktok1/,CC BY 4.0,https://creativecommons.org/licenses/by/4.0/
pravda-li-chto-gensek-nato-nazval-ukrainu-amerikanskoj-territoriej,Генсек НАТО назвал Украину американской территорией.,FALSE,FALSE,provereno_media,2025-07-03,Provereno.Media,https://provereno.media/blog/2025/07/03/pravda-li-chto-gensek-nato-nazval-ukrainu-amerikanskoj-territoriej/,CC BY 4.0,https://creativecommons.org/licenses/by/4.0/
pravda-li-chto-glutidnye-plastyri-pomogayut-pokhudet,Глутидные пластыри помогают похудеть.,FALSE,FALSE,provereno_media,2025-09-02,Provereno.Media,https://provereno.media/blog/2025/09/02/pravda-li-chto-glutidnye-plastyri-pomogayut-pokhudet/,CC BY 4.0,https://creativecommons.org/licenses/by/4.0/
pravda-li-chto-hakery-vzlomali-stranicu-trampa-v-x-i-opublikovali-ego-goloe-foto,Хакеры взломали страницу Трампа в X и опубликовали его голое фото.,FALSE,FALSE,provereno_media,2025-02-07,Provereno.Media,https://provereno.media/blog/2025/02/07/pravda-li-chto-hakery-vzlomali-stranicu-trampa-v-x-i-opublikovali-ego-goloe-foto/,CC BY 4.0,https://creativecommons.org/licenses/by/4.0/
pravda-li-chto-holmy-so-standartnyh-oboev-rabochego-stola-v-windows-xp-bolshe-ne-zelyonye,Знаменитых зелёных холмов больше не существует. Легендарные обои Windows сегодня выглядят вот так. Теперь там растут виноградники.,MIXED,MIXED,provereno_media,2026-04-14,Provereno.Media,https://provereno.media/blog/2026/04/14/pravda-li-chto-holmy-so-standartnyh-oboev-rabochego-stola-v-windows-xp-bolshe-ne-zelyonye/,CC BY 4.0,https://creativecommons.org/licenses/by/4.0/
pravda-li-chto-immunnaya-sistema-cheloveka-ne-znaet-o-suschestvovanii-glaz,"Иммунитет не знает о существовании глаз, а если узнает об этом, то человек потеряет зрение.",FALSE,FALSE,provereno_media,2026-04-22,Provereno.Media,https://provereno.media/blog/2026/04/22/pravda-li-chto-immunnaya-sistema-cheloveka-ne-znaet-o-suschestvovanii-glaz/,CC BY 4.0,https://creativecommons.org/licenses/by/4.0/
pravda-li-chto-ispolzovanie-solntsezaschitnogo-krema-privodit-k-nedostatku-vitamina-d,Использование солнцезащитного крема приводит к недостатку витамина D.,FALSE,FALSE,provereno_media,2026-06-15,Provereno.Media,https://provereno.media/blog/2026/06/15/pravda-li-chto-ispolzovanie-solntsezaschitnogo-krema-privodit-k-nedostatku-vitamina-d/,CC BY 4.0,https://creativecommons.org/licenses/by/4.0/
pravda-li-chto-iz-myachey-kotorymi-igrayut-na-uimbldone-posle-okonchaniya-turnira-delayut-domiki-dlya-myshey,"Из мячей, которыми играют на Уимблдоне, после окончания турнира делают домики для мышей.",MIXED,MIXED,provereno_media,2026-06-22,Provereno.Media,https://provereno.media/blog/2026/06/22/pravda-li-chto-iz-myachey-kotorymi-igrayut-na-uimbldone-posle-okonchaniya-turnira-delayut-domiki-dlya-myshey/,CC BY 4.0,https://creativecommons.org/licenses/by/4.0/
pravda-li-chto-iz-za-videoigry-space-invaders-v-yaponii-v-1970-e-gody-voznik-defitsit-monet-nominalom-100-ien,Из-за видеоигры Space Invaders в Японии в 1970-е годы возник дефицит монет номиналом 100 иен.,FALSE,FALSE,provereno_media,2026-05-08,Provereno.Media,https://provereno.media/blog/2026/05/08/pravda-li-chto-iz-za-videoigry-space-invaders-v-yaponii-v-1970-e-gody-voznik-defitsit-monet-nominalom-100-ien/,CC BY 4.0,https://creativecommons.org/licenses/by/4.0/
pravda-li-chto-kogda-zhivotnye-vo-sne-dyorgayut-lapkami-im-snitsya-okhota-ili-igra,"Когда животные во сне дёргают лапками, им снится охота или игра.",TRUE,TRUE,provereno_media,2025-01-30,Provereno.Media,https://provereno.media/blog/2025/01/30/pravda-li-chto-kogda-zhivotnye-vo-sne-dyorgayut-lapkami-im-snitsya-okhota-ili-igra/,CC BY 4.0,https://creativecommons.org/licenses/by/4.0/
pravda-li-chto-kollazhi-so-snimkami-pogibshikh-v-starobelske-sdelany-iz-chuzhikh-foto,Коллажи с погибшими в Старобельске были сделаны из старых фотографий других людей.,FALSE,FALSE,provereno_media,2026-05-30,Provereno.Media,https://provereno.media/blog/2026/05/30/pravda-li-chto-kollazhi-so-snimkami-pogibshikh-v-starobelske-sdelany-iz-chuzhikh-foto/,CC BY 4.0,https://creativecommons.org/licenses/by/4.0/
pravda-li-chto-korovy-ubivayut-bolshe-lyudej-chem-akuly,"Коровы убивают больше людей, чем акулы.",TRUE,TRUE,provereno_media,2023-07-28,Provereno.Media,https://provereno.media/blog/2023/07/28/pravda-li-chto-korovy-ubivayut-bolshe-lyudej-chem-akuly/,CC BY 4.0,https://creativecommons.org/licenses/by/4.0/
pravda-li-chto-kuriny-bulon-effektivnoe-sredstvo-borby-s-simptomami-prostudy,Куриный бульон — эффективное средство борьбы с симптомами простуды.,TRUE,TRUE,provereno_media,2024-10-14,Provereno.Media,https://provereno.media/blog/2024/10/14/pravda-li-chto-kuriny-bulon-effektivnoe-sredstvo-borby-s-simptomami-prostudy/,CC BY 4.0,https://creativecommons.org/licenses/by/4.0/
pravda-li-chto-led-maski-uluchshayut-sostoyanie-kozhi,LED-маски улучшают состояние кожи.,FALSE,MIXED|FALSE,provereno_media,2026-06-28,Provereno.Media,https://provereno.media/blog/2026/06/28/pravda-li-chto-led-maski-uluchshayut-sostoyanie-kozhi/,CC BY 4.0,https://creativecommons.org/licenses/by/4.0/
pravda-li-chto-lopaya-puzyrchatuyu-plyonku-mozhno-snyat-stress-3,Лопание упаковочной плёнки с воздушными пузырьками снижает напряжение и помогает снять стресс.,MIXED,MIXED,provereno_media,2024-10-04,Provereno.Media,https://provereno.media/blog/2024/10/04/pravda-li-chto-lopaya-puzyrchatuyu-plyonku-mozhno-snyat-stress-3/,CC BY 4.0,https://creativecommons.org/licenses/by/4.0/
pravda-li-chto-lyudi-s-bolshim-kolichestvom-rodinok-zhivut-dolshe,Люди с большим количеством родинок живут дольше.,FALSE,FALSE,provereno_media,2025-12-16,Provereno.Media,https://provereno.media/blog/2025/12/16/pravda-li-chto-lyudi-s-bolshim-kolichestvom-rodinok-zhivut-dolshe/,CC BY 4.0,https://creativecommons.org/licenses/by/4.0/
pravda-li-chto-magnitoterapiya-effektivny-sposob-oblegcheniya-boli-i-lecheniya-mnozhestva-,Магнитотерапия эффективно облегчает боль и лечит множество заболеваний.,FALSE,FALSE,provereno_media,2026-05-27,Provereno.Media,https://provereno.media/blog/2026/05/27/pravda-li-chto-magnitoterapiya-effektivny-sposob-oblegcheniya-boli-i-lecheniya-mnozhestva-zabolevany/,CC BY 4.0,https://creativecommons.org/licenses/by/4.0/
pravda-li-chto-mikrotoki-pomogayut-borotsya-so-stareniem-kozhi,Микротоки помогают бороться со старением кожи.,FALSE,FALSE|MIXED,provereno_media,2026-05-11,Provereno.Media,https://provereno.media/blog/2026/05/11/pravda-li-chto-mikrotoki-pomogayut-borotsya-so-stareniem-kozhi/,CC BY 4.0,https://creativecommons.org/licenses/by/4.0/
pravda-li-chto-mindich-vyvez-v-izrail-800-kg-zolota,Тимур Миндич вывез из Украины в Израиль более 800 кг золота.,FALSE,FALSE,provereno_media,2026-06-01,Provereno.Media,https://provereno.media/blog/2026/06/01/pravda-li-chto-mindich-vyvez-v-izrail-800-kg-zolota/,CC BY 4.0,https://creativecommons.org/licenses/by/4.0/
pravda-li-chto-muzhchiny-boleyut-prostudnymi-zabolevaniyami-tyazhelee-chem-zhenschiny,"Мужчины болеют простудными заболеваниями тяжелее, чем женщины.",FALSE,FALSE|MIXED,provereno_media,2025-07-21,Provereno.Media,https://provereno.media/blog/2025/07/21/pravda-li-chto-muzhchiny-boleyut-prostudnymi-zabolevaniyami-tyazhelee-chem-zhenschiny/,CC BY 4.0,https://creativecommons.org/licenses/by/4.0/
pravda-li-chto-na-granitse-polshi-i-ukrainy-povesili-plakaty-napominayuschie-o-prestupleniyakh-upa4,"На границе Польши и Украины повесили плакаты, напоминающие о преступлениях УПА.",FALSE,FALSE,provereno_media,2026-06-29,Provereno.Media,https://provereno.media/blog/2026/06/29/pravda-li-chto-na-granitse-polshi-i-ukrainy-povesili-plakaty-napominayuschie-o-prestupleniyakh-upa4/,CC BY 4.0,https://creativecommons.org/licenses/by/4.0/
pravda-li-chto-na-kruiznykh-laynerakh-tela-umershikh-lyudey-khranyat-v-kholodilnikakh-dlya-morozhenogo,На круизных лайнерах тела умерших людей хранят в холодильниках для мороженого.,FALSE,FALSE,provereno_media,2024-03-14,Provereno.Media,https://provereno.media/blog/2024/03/14/pravda-li-chto-na-kruiznykh-laynerakh-tela-umershikh-lyudey-khranyat-v-kholodilnikakh-dlya-morozhenogo/,CC BY 4.0,https://creativecommons.org/licenses/by/4.0/
pravda-li-chto-novy-god-nastupaet-s-12-m-udarom-kremlyovskikh-kurantov,Новый год наступает с 12-м ударом кремлёвских курантов.,MIXED,MIXED|FALSE,provereno_media,2025-12-31,Provereno.Media,https://provereno.media/blog/2025/12/31/pravda-li-chto-novy-god-nastupaet-s-12-m-udarom-kremlyovskikh-kurantov/,CC BY 4.0,https://creativecommons.org/licenses/by/4.0/
pravda-li-chto-oruell-avtor-tsitaty-pro-moshennicheskuyu-voynu-kotoraya-dolzhna-dlitsya-postoyanno,"Оруэлл — автор цитаты: «Эта война носит мошеннический характер, так как она должна длиться постоянно, без победы.»",TRUE,TRUE|MIXED,provereno_media,2025-02-27,Provereno.Media,https://provereno.media/blog/2025/02/27/pravda-li-chto-oruell-avtor-tsitaty-pro-moshennicheskuyu-voynu-kotoraya-dolzhna-dlitsya-postoyanno/,CC BY 4.0,https://creativecommons.org/licenses/by/4.0/
pravda-li-chto-oskar-uayld-avtor-frazy-bud-soboy-prochie-roli-uzhe-zanyaty,Оскар Уайльд — автор фразы «Будь собой. Прочие роли уже заняты».,FALSE,FALSE,provereno_media,2026-05-04,Provereno.Media,https://provereno.media/blog/2026/05/04/pravda-li-chto-oskar-uayld-avtor-frazy-bud-soboy-prochie-roli-uzhe-zanyaty/,CC BY 4.0,https://creativecommons.org/licenses/by/4.0/
pravda-li-chto-ozhogi-mozhno-vylechit-s-pomoshchyu-masla-mochi-ili-myoda,Ожоги можно вылечить с помощью масла.,FALSE,FALSE,provereno_media,2023-01-30,Provereno.Media,https://provereno.media/blog/2023/01/30/pravda-li-chto-ozhogi-mozhno-vylechit-s-pomoshchyu-masla-mochi-ili-myoda/,CC BY 4.0,https://creativecommons.org/licenses/by/4.0/
pravda-li-chto-ozhogi-mozhno-vylechit-s-pomoshchyu-masla-mochi-ili-myoda__2,Ожоги можно вылечить с помощью мочи.,FALSE,FALSE,provereno_media,2023-01-30,Provereno.Media,https://provereno.media/blog/2023/01/30/pravda-li-chto-ozhogi-mozhno-vylechit-s-pomoshchyu-masla-mochi-ili-myoda/,CC BY 4.0,https://creativecommons.org/licenses/by/4.0/
pravda-li-chto-ozhogi-mozhno-vylechit-s-pomoshchyu-masla-mochi-ili-myoda__3,Ожоги можно вылечить с помощью мёда.,TRUE,TRUE,provereno_media,2023-01-30,Provereno.Media,https://provereno.media/blog/2023/01/30/pravda-li-chto-ozhogi-mozhno-vylechit-s-pomoshchyu-masla-mochi-ili-myoda/,CC BY 4.0,https://creativecommons.org/licenses/by/4.0/
pravda-li-chto-pashinyan-soglasilsya-prinyat-v-armenii-250-000-blizhnevostochnykh-bezhents,Никол Пашинян подписал соглашение о переселении в Армению до 250 000 ближневосточных мигрантов из ЕС.,FALSE,FALSE,provereno_media,2026-06-04,Provereno.Media,https://provereno.media/blog/2026/06/04/pravda-li-chto-pashinyan-soglasilsya-prinyat-v-armenii-250-000-blizhnevostochnykh-bezhentsev-iz-yes/,CC BY 4.0,https://creativecommons.org/licenses/by/4.0/
pravda-li-chto-pervyj-pokaz-filma-bratev-lyumer-pribytie-poezda-vyzval-paniku-sredi-zritelej,Первый показ фильма братьев Люмьер «Прибытие поезда» вызвал панику среди зрителей.,MIXED,MIXED|FALSE,provereno_media,2023-01-11,Provereno.Media,https://provereno.media/blog/2023/01/11/pravda-li-chto-pervyj-pokaz-filma-bratev-lyumer-pribytie-poezda-vyzval-paniku-sredi-zritelej/,CC BY 4.0,https://creativecommons.org/licenses/by/4.0/
pravda-li-chto-pivo-effektivno-vosstanavlivaet-vodno-solevoy-balans-posle-trenirovki,Пиво эффективно восстанавливает водно-солевой баланс после тренировки.,MIXED,MIXED,provereno_media,2026-06-07,Provereno.Media,https://provereno.media/blog/2026/06/07/pravda-li-chto-pivo-effektivno-vosstanavlivaet-vodno-solevoy-balans-posle-trenirovki/,CC BY 4.0,https://creativecommons.org/licenses/by/4.0/
pravda-li-chto-posle-smerti-navalnogo-v-ukrainskom-bare-poyavilsya-odnoimyonny-sendvich,После смерти Навального в украинском баре появился одноимённый сэндвич.,TRUE,TRUE,provereno_media,2024-03-06,Provereno.Media,https://provereno.media/blog/2024/03/06/pravda-li-chto-posle-smerti-navalnogo-v-ukrainskom-bare-poyavilsya-odnoimyonny-sendvich/,CC BY 4.0,https://creativecommons.org/licenses/by/4.0/
pravda-li-chto-posle-smerti-papu-rimskogo-byut-po-lbu-serebryanym-molotochkom,"После смерти папу римского бьют по лбу серебряным молоточком, чтобы убедиться, что он мёртв.",FALSE,FALSE,provereno_media,2023-01-15,Provereno.Media,https://provereno.media/blog/2023/01/15/pravda-li-chto-posle-smerti-papu-rimskogo-byut-po-lbu-serebryanym-molotochkom/,CC BY 4.0,https://creativecommons.org/licenses/by/4.0/
pravda-li-chto-posle-ukusa-pchely-nuzhno-vipit-alkogol-chtoby-izbezhat-oslozhneny,"После укуса пчелы нужно выпить крепкий алкоголь, чтобы нейтрализовать яд и избежать осложнений.",FALSE,FALSE,provereno_media,2026-06-03,Provereno.Media,https://provereno.media/blog/2026/06/03/pravda-li-chto-posle-ukusa-pchely-nuzhno-vipit-alkogol-chtoby-izbezhat-oslozhneny/,CC BY 4.0,https://creativecommons.org/licenses/by/4.0/
pravda-li-chto-pri-vzglyade-na-nebo-mozhno-uvidet-sobstvennye-kletki-krovi1,При взгляде на небо можно увидеть собственные клетки крови.,TRUE,TRUE,provereno_media,2025-08-20,Provereno.Media,https://provereno.media/blog/2025/08/20/pravda-li-chto-pri-vzglyade-na-nebo-mozhno-uvidet-sobstvennye-kletki-krovi1/,CC BY 4.0,https://creativecommons.org/licenses/by/4.0/
pravda-li-chto-proishozhdenie-slova-tolstovka-svjazano-so-lvom-tolstym,Происхождение слова «толстовка» связано со Львом Толстым.,TRUE,TRUE,provereno_media,2024-06-04,Provereno.Media,https://provereno.media/blog/2024/06/04/pravda-li-chto-proishozhdenie-slova-tolstovka-svjazano-so-lvom-tolstym/,CC BY 4.0,https://creativecommons.org/licenses/by/4.0/
pravda-li-chto-prosmotr-milykh-video-s-zhivotnymi-sposobstvuet-snizheniyu-stressa-3,Просмотр милых видео с животными способствует снижению стресса.,TRUE,TRUE,provereno_media,2024-04-19,Provereno.Media,https://provereno.media/blog/2024/04/19/pravda-li-chto-prosmotr-milykh-video-s-zhivotnymi-sposobstvuet-snizheniyu-stressa-3/,CC BY 4.0,https://creativecommons.org/licenses/by/4.0/
pravda-li-chto-prosmotr-multfilmov-okazyvaet-negativnoe-vozdeystvie-na-psikhiku-detey-doshkolnogo-vozrasta,Просмотр мультфильмов оказывает негативное воздействие на психику детей дошкольного возраста.,TRUE,TRUE|MIXED,provereno_media,2024-06-23,Provereno.Media,https://provereno.media/blog/2024/06/23/pravda-li-chto-prosmotr-multfilmov-okazyvaet-negativnoe-vozdeystvie-na-psikhiku-detey-doshkolnogo-vozrasta/,CC BY 4.0,https://creativecommons.org/licenses/by/4.0/
pravda-li-chto-prototipom-shreka-byl-francuzskij-restler-moris-tije,Прототипом Шрэка был французский рестлер Морис Тийе.,MIXED,MIXED,provereno_media,2024-04-08,Provereno.Media,https://provereno.media/blog/2024/04/08/pravda-li-chto-prototipom-shreka-byl-francuzskij-restler-moris-tije/,CC BY 4.0,https://creativecommons.org/licenses/by/4.0/
pravda-li-chto-sadio-mane-otkazalsya-obnyat-fanatku-po-religioznym-soobrazheniyam-no-sdela,Садио Мане отказался обнять выбежавшую на поле фанатку по религиозным соображениям.,FALSE,FALSE,provereno_media,2026-06-03,Provereno.Media,https://provereno.media/blog/2026/06/03/pravda-li-chto-sadio-mane-otkazalsya-obnyat-fanatku-po-religioznym-soobrazheniyam-no-sdelal-eto-posle-razresheniya-zheny/,CC BY 4.0,https://creativecommons.org/licenses/by/4.0/
pravda-li-chto-seks-povyshaet-immunitet,Секс повышает иммунитет.,MIXED,MIXED,provereno_media,2024-10-29,Provereno.Media,https://provereno.media/blog/2024/10/29/pravda-li-chto-seks-povyshaet-immunitet/,CC BY 4.0,https://creativecommons.org/licenses/by/4.0/
pravda-li-chto-shakira-opublikovala-kadr-multfilma-zveropolis-2-s-podpisyu-zoofiliya,Шакира опубликовала кадр мультфильма «Зверополис-2» с подписью «Зоофилия».,FALSE,FALSE,provereno_media,2025-12-18,Provereno.Media,https://provereno.media/blog/2025/12/18/pravda-li-chto-shakira-opublikovala-kadr-multfilma-zveropolis-2-s-podpisyu-zoofiliya/,CC BY 4.0,https://creativecommons.org/licenses/by/4.0/
pravda-li-chto-sherlok-holms-samyj-ekraniziruemyj-literaturnyj-personazh-po-versii-knigi-rekordov-ginnessa,Шерлок Холмс — самый экранизируемый литературный персонаж по версии Книги рекордов Гиннесса.,MIXED,MIXED,provereno_media,2025-12-27,Provereno.Media,https://provereno.media/blog/2025/12/27/pravda-li-chto-sherlok-holms-samyj-ekraniziruemyj-literaturnyj-personazh-po-versii-knigi-rekordov-ginnessa/,CC BY 4.0,https://creativecommons.org/licenses/by/4.0/
pravda-li-chto-shokolad-stimuliruet-rabotu-mozga,Тёмный шоколад стимулирует работу мозга.,TRUE,TRUE|MIXED,provereno_media,2022-11-24,Provereno.Media,https://provereno.media/blog/2022/11/24/pravda-li-chto-shokolad-stimuliruet-rabotu-mozga/,CC BY 4.0,https://creativecommons.org/licenses/by/4.0/
pravda-li-chto-shokolad-stimuliruet-rabotu-mozga__2,Шоколад стимулирует работу мозга.,MIXED,MIXED,provereno_media,2022-11-24,Provereno.Media,https://provereno.media/blog/2022/11/24/pravda-li-chto-shokolad-stimuliruet-rabotu-mozga/,CC BY 4.0,https://creativecommons.org/licenses/by/4.0/
pravda-li-chto-sifilis-v-yevropu-zavezli-iz-ameriki-moryaki-khristofora-kolumba,Сифилис в Европу завезли из Америки моряки Христофора Колумба.,MIXED,MIXED,provereno_media,2026-01-31,Provereno.Media,https://provereno.media/blog/2026/01/31/pravda-li-chto-sifilis-v-yevropu-zavezli-iz-ameriki-moryaki-khristofora-kolumba/,CC BY 4.0,https://creativecommons.org/licenses/by/4.0/
pravda-li-chto-son-v-noskakh-polezen,Сон в носках полезен.,TRUE,TRUE,provereno_media,2024-11-03,Provereno.Media,https://provereno.media/blog/2024/11/03/pravda-li-chto-son-v-noskakh-polezen/,CC BY 4.0,https://creativecommons.org/licenses/by/4.0/
pravda-li-chto-sud-v-gaage-priznal-suverenitet-rossii-nad-krymom,Суд в Гааге признал суверенитет России над Крымом.,FALSE,FALSE,provereno_media,2026-06-29,Provereno.Media,https://provereno.media/blog/2026/06/29/pravda-li-chto-sud-v-gaage-priznal-suverenitet-rossii-nad-krymom/,CC BY 4.0,https://creativecommons.org/licenses/by/4.0/
pravda-li-chto-sushestvuet-stokgolmskij-sindrom-2,Существует стокгольмский синдром — феномен привязанности пострадавшего к агрессору.,FALSE,MIXED|FALSE,provereno_media,2026-03-16,Provereno.Media,https://provereno.media/blog/2026/03/16/pravda-li-chto-sushestvuet-stokgolmskij-sindrom-2/,CC BY 4.0,https://creativecommons.org/licenses/by/4.0/
pravda-li-chto-syn-gossekretarya-ssha-prishel-na-hellouin-v-kostyume-zelenskogo,Сын госсекретаря США пришёл на Хеллоуин в Белый дом в костюме Зеленского.,TRUE,TRUE,provereno_media,2023-11-06,Provereno.Media,https://provereno.media/blog/2023/11/06/pravda-li-chto-syn-gossekretarya-ssha-prishel-na-hellouin-v-kostyume-zelenskogo/,CC BY 4.0,https://creativecommons.org/licenses/by/4.0/
pravda-li-chto-telekanal-eurosport-v-profile-odnoy-iz-ukrainskikh-sportsmenok-ukazal-eyo-mesto-rozhdeniya-kak-lvov-rossiya,Телеканал Eurosport в профиле одной из украинских спортсменок указал её место рождения как «Львов (Россия)».,TRUE,TRUE,provereno_media,2024-08-17,Provereno.Media,https://provereno.media/blog/2024/08/17/pravda-li-chto-telekanal-eurosport-v-profile-odnoy-iz-ukrainskikh-sportsmenok-ukazal-eyo-mesto-rozhdeniya-kak-lvov-rossiya/,CC BY 4.0,https://creativecommons.org/licenses/by/4.0/
pravda-li-chto-tramp-gotovitsya-obyavit-o-suschestvovanii-inoplanetyan,Трамп готовится объявить о существовании инопланетян.,FALSE,FALSE,provereno_media,2025-11-26,Provereno.Media,https://provereno.media/blog/2025/11/26/pravda-li-chto-tramp-gotovitsya-obyavit-o-suschestvovanii-inoplanetyan/,CC BY 4.0,https://creativecommons.org/licenses/by/4.0/
pravda-li-chto-tulsi-gabbard-rassekretila-dannye-o-biolaboratoriyakh-ssha-v-ukraine,Тулси Габбард рассекретила данные о биолабораториях США в Украине.,FALSE,FALSE,provereno_media,2026-06-24,Provereno.Media,https://provereno.media/blog/2026/06/24/pravda-li-chto-tulsi-gabbard-rassekretila-dannye-o-biolaboratoriyakh-ssha-v-ukraine/,CC BY 4.0,https://creativecommons.org/licenses/by/4.0/
pravda-li-chto-u-putina-est-poezd-na-sekretnom-vokzale,У Путина есть личный поезд на секретном вокзале.,TRUE,TRUE,provereno_media,2023-02-20,Provereno.Media,https://provereno.media/blog/2023/02/20/pravda-li-chto-u-putina-est-poezd-na-sekretnom-vokzale/,CC BY 4.0,https://creativecommons.org/licenses/by/4.0/
pravda-li-chto-ukrainskiy-telekanal-soobshil-o-voyne-mezhdu-polshey-i-belarusyu,Украинский телеканал сообщил о войне между Польшей и Беларусью.,TRUE,TRUE,provereno_media,2024-04-25,Provereno.Media,https://provereno.media/blog/2024/04/25/pravda-li-chto-ukrainskiy-telekanal-soobshil-o-voyne-mezhdu-polshey-i-belarusyu/,CC BY 4.0,https://creativecommons.org/licenses/by/4.0/
pravda-li-chto-unichtozhenie-izrailya-zafiksirovano-v-ofitsialnoy-doktrine-irana,Уничтожение Израиля зафиксировано в официальной доктрине Ирана.,TRUE,TRUE,provereno_media,2025-06-17,Provereno.Media,https://provereno.media/blog/2025/06/17/pravda-li-chto-unichtozhenie-izrailya-zafiksirovano-v-ofitsialnoy-doktrine-irana/,CC BY 4.0,https://creativecommons.org/licenses/by/4.0/
pravda-li-chto-upominanie-proizvedenij-inoagentov-pri-sdache-ege-mozhet-byt-oceneno-kak-eticheskaya-oshibka,Упоминание произведений «иноагентов» при сдаче ЕГЭ может быть расценено как этическая ошибка.,TRUE,TRUE,provereno_media,2025-02-02,Provereno.Media,https://provereno.media/blog/2025/02/02/pravda-li-chto-upominanie-proizvedenij-inoagentov-pri-sdache-ege-mozhet-byt-oceneno-kak-eticheskaya-oshibka/,CC BY 4.0,https://creativecommons.org/licenses/by/4.0/
pravda-li-chto-v-1914-godu-na-polyah-pervoy-mirovoy-sostoyalos-rozhdesvenskoe-peremirie-s-pesnyami-i-ugosheniyami,В 1914 году на полях Первой мировой состоялось Рождественское перемирие с песнями и угощениями.,TRUE,TRUE,provereno_media,2024-01-06,Provereno.Media,https://provereno.media/blog/2024/01/06/pravda-li-chto-v-1914-godu-na-polyah-pervoy-mirovoy-sostoyalos-rozhdesvenskoe-peremirie-s-pesnyami-i-ugosheniyami/,CC BY 4.0,https://creativecommons.org/licenses/by/4.0/
pravda-li-chto-v-belgorode-voenkomat-priglasil-shkolnikov-na-letnyuyu-stazhirovku,Военкомат Белгородского района набирал школьников 15–17 лет на летнюю практику или подработку.,FALSE,FALSE,provereno_media,2026-06-08,Provereno.Media,https://provereno.media/blog/2026/06/08/pravda-li-chto-v-belgorode-voenkomat-priglasil-shkolnikov-na-letnyuyu-stazhirovku/,CC BY 4.0,https://creativecommons.org/licenses/by/4.0/
pravda-li-chto-v-budennovske-v-2022-poyavilas-doska-pozora,В Будённовске в 2022 году появилась доска позора с именами отказников.,TRUE,TRUE,provereno_media,2023-06-07,Provereno.Media,https://provereno.media/blog/2023/06/07/pravda-li-chto-v-budennovske-v-2022-poyavilas-doska-pozora/,CC BY 4.0,https://creativecommons.org/licenses/by/4.0/
pravda-li-chto-v-estonii-v-den-vosstanovleniya-nezavisimosti-rabotal-tir-s-mishenyami-v-vide-rossyskikh-voennykh,В Эстонии в День восстановления независимости работал тир с мишенями в виде российских военных.,TRUE,TRUE,provereno_media,2025-08-26,Provereno.Media,https://provereno.media/blog/2025/08/26/pravda-li-chto-v-estonii-v-den-vosstanovleniya-nezavisimosti-rabotal-tir-s-mishenyami-v-vide-rossyskikh-voennykh/,CC BY 4.0,https://creativecommons.org/licenses/by/4.0/
pravda-li-chto-v-genue-raskleili-pozdravitelnye-plakaty-ko-dnyu-rozhdeniya-putina,В Генуе расклеили поздравительные плакаты ко дню рождения Путина.,TRUE,TRUE,provereno_media,2024-10-12,Provereno.Media,https://provereno.media/blog/2024/10/12/pravda-li-chto-v-genue-raskleili-pozdravitelnye-plakaty-ko-dnyu-rozhdeniya-putina/,CC BY 4.0,https://creativecommons.org/licenses/by/4.0/
pravda-li-chto-v-germanii-muzhchin-obyazali-poluchat-razreshenie-na-vyezd-iz-strany-1,В Германии мужчин 17–45 лет обязали получать разрешение на выезд из страны.,FALSE,FALSE,provereno_media,2026-05-15,Provereno.Media,https://provereno.media/blog/2026/05/15/pravda-li-chto-v-germanii-muzhchin-obyazali-poluchat-razreshenie-na-vyezd-iz-strany-1/,CC BY 4.0,https://creativecommons.org/licenses/by/4.0/
pravda-li-chto-v-indii-rabotnikov-fabriki-obyazali-nosit-na-golovakh-kamery-chtoby-obuchat-ii-11,"На завирусившемся в Сети ролике сотрудники швейного цеха в Индии носят камеры на головах, потому что руководство таким образом обучает искусственный интеллект, чтобы потом заменить рабочих роботами.",MIXED,MIXED,provereno_media,2026-05-04,Provereno.Media,https://provereno.media/blog/2026/05/04/pravda-li-chto-v-indii-rabotnikov-fabriki-obyazali-nosit-na-golovakh-kamery-chtoby-obuchat-ii-11/,CC BY 4.0,https://creativecommons.org/licenses/by/4.0/
pravda-li-chto-v-kanade-razrabatyvayut-zakon-razreshayuschy-evtanaziyu-dlya-mladentsev-iz-bednykh-semey,"В Канаде разрабатывают закон, разрешающий эвтаназию для младенцев из бедных семей.",FALSE,FALSE,provereno_media,2026-05-01,Provereno.Media,https://provereno.media/blog/2026/05/01/pravda-li-chto-v-kanade-razrabatyvayut-zakon-razreshayuschy-evtanaziyu-dlya-mladentsev-iz-bednykh-semey/,CC BY 4.0,https://creativecommons.org/licenses/by/4.0/
pravda-li-chto-v-kievskom-metro-nachali-sdavat-v-arendu-palatki-vo-vremya-vozdushnoy-trevo,В киевском метро во время воздушной тревоги начали сдавать палатки в аренду за 100 гривен за 30 минут.,FALSE,FALSE,provereno_media,2026-06-05,Provereno.Media,https://provereno.media/blog/2026/06/05/pravda-li-chto-v-kievskom-metro-nachali-sdavat-v-arendu-palatki-vo-vremya-vozdushnoy-trevogi/,CC BY 4.0,https://creativecommons.org/licenses/by/4.0/
pravda-li-chto-v-kitae-suschestvuet-magazin-raspolozhenny-na-otvesnoy-skale,"В Китае существует «самый неудобный магазин», расположенный на отвесной скале.",TRUE,TRUE,provereno_media,2024-03-15,Provereno.Media,https://provereno.media/blog/2024/03/15/pravda-li-chto-v-kitae-suschestvuet-magazin-raspolozhenny-na-otvesnoy-skale/,CC BY 4.0,https://creativecommons.org/licenses/by/4.0/
pravda-li-chto-v-matche-chempionata-mira-po-futbolu-katar-shveytsariya-na-pole-vybezhala-obnazhyonnaya-zhenschina,В матче чемпионата мира по футболу Катар — Швейцария на поле выбежала обнажённая женщина.,FALSE,FALSE,provereno_media,2026-06-27,Provereno.Media,https://provereno.media/blog/2026/06/27/pravda-li-chto-v-matche-chempionata-mira-po-futbolu-katar-shveytsariya-na-pole-vybezhala-obnazhyonnaya-zhenschina/,CC BY 4.0,https://creativecommons.org/licenses/by/4.0/
pravda-li-chto-v-moldavskom-shkolnom-uchebnike-avtorstvo-skazki-o-zolotoy-rybke-vmesto-pushkina-pripisali-amerikanke,В молдавском школьном учебнике авторство сказки о золотой рыбке вместо Пушкина приписали американке.,MIXED,MIXED|FALSE,provereno_media,2026-02-12,Provereno.Media,https://provereno.media/blog/2026/02/12/pravda-li-chto-v-moldavskom-shkolnom-uchebnike-avtorstvo-skazki-o-zolotoy-rybke-vmesto-pushkina-pripisali-amerikanke/,CC BY 4.0,https://creativecommons.org/licenses/by/4.0/
pravda-li-chto-v-obshchestvennom-tualete-vytirat-ruki-bumazhnymi-polotencami-gigienichnee-chem-ispolzovat-sushilku,"В общественном туалете вытирать руки бумажными полотенцами гигиеничнее, чем использовать сушилку.",TRUE,TRUE,provereno_media,2023-06-17,Provereno.Media,https://provereno.media/blog/2023/06/17/pravda-li-chto-v-obshchestvennom-tualete-vytirat-ruki-bumazhnymi-polotencami-gigienichnee-chem-ispolzovat-sushilku/,CC BY 4.0,https://creativecommons.org/licenses/by/4.0/
pravda-li-chto-v-piramidakh-lezviya-britv-samozatachivayutsya,В пирамидах лезвия бритв самозатачиваются.,FALSE,FALSE,provereno_media,2025-04-06,Provereno.Media,https://provereno.media/blog/2025/04/06/pravda-li-chto-v-piramidakh-lezviya-britv-samozatachivayutsya/,CC BY 4.0,https://creativecommons.org/licenses/by/4.0/
pravda-li-chto-v-portugalskom-uchebnike-geografii-krym-nazvali-rossyskim,В португальском учебнике географии Крым назвали российским.,TRUE,TRUE,provereno_media,2025-06-23,Provereno.Media,https://provereno.media/blog/2025/06/23/pravda-li-chto-v-portugalskom-uchebnike-geografii-krym-nazvali-rossyskim/,CC BY 4.0,https://creativecommons.org/licenses/by/4.0/
pravda-li-chto-v-samolyote-tomatny-sok-kazhetsya-vkusnee-chem-na-zemle,"В самолёте томатный сок кажется вкуснее, чем на земле.",TRUE,TRUE,provereno_media,2023-08-05,Provereno.Media,https://provereno.media/blog/2023/08/05/pravda-li-chto-v-samolyote-tomatny-sok-kazhetsya-vkusnee-chem-na-zemle/,CC BY 4.0,https://creativecommons.org/licenses/by/4.0/
pravda-li-chto-v-shotlandii-zaderzhali-devochku-pytavshuyusya-zashhititsya-ot-domogatelstv-nelegalnogo-migranta,"В Шотландии задержали девочку, пытавшуюся защититься от домогательств нелегального мигранта.",TRUE,TRUE|MIXED,provereno_media,2025-09-15,Provereno.Media,https://provereno.media/blog/2025/09/15/pravda-li-chto-v-shotlandii-zaderzhali-devochku-pytavshuyusya-zashhititsya-ot-domogatelstv-nelegalnogo-migranta/,CC BY 4.0,https://creativecommons.org/licenses/by/4.0/
pravda-li-chto-v-shvetsii-v-xx-veke-v-ramkakh-zakona-o-chistote-rasy-sterilizovali-desyatki-tysyach-chelovek,В Швеции в XX веке в рамках закона «О чистоте расы» стерилизовали десятки тысяч человек.,MIXED,MIXED,provereno_media,2026-03-08,Provereno.Media,https://provereno.media/blog/2026/03/08/pravda-li-chto-v-shvetsii-v-xx-veke-v-ramkakh-zakona-o-chistote-rasy-sterilizovali-desyatki-tysyach-chelovek/,CC BY 4.0,https://creativecommons.org/licenses/by/4.0/
pravda-li-chto-v-srednem-levshi-zhivut-na-devyat-let-menshe-pravshey1,В среднем левши живут на девять лет меньше правшей.,FALSE,FALSE,provereno_media,2026-02-03,Provereno.Media,https://provereno.media/blog/2026/02/03/pravda-li-chto-v-srednem-levshi-zhivut-na-devyat-let-menshe-pravshey1/,CC BY 4.0,https://creativecommons.org/licenses/by/4.0/
pravda-li-chto-v-ssha-po-initsiative-billa-geytsa-sbrasyvayut-s-samolyotov-smertelno-opasn,В США по инициативе Билла Гейтса с самолетов сбрасывают генетически модифицированных смертельно опасных клещей.,FALSE,FALSE,provereno_media,2026-05-25,Provereno.Media,https://provereno.media/blog/2026/05/25/pravda-li-chto-v-ssha-po-initsiative-billa-geytsa-sbrasyvayut-s-samolyotov-smertelno-opasnykh-kleschey/,CC BY 4.0,https://creativecommons.org/licenses/by/4.0/
pravda-li-chto-v-sssr-do-1969-goda-ne-proizvodili-tualetnuyu-bumagu,В СССР до 1969 года не производили туалетную бумагу.,FALSE,FALSE,provereno_media,2026-06-14,Provereno.Media,https://provereno.media/blog/2026/06/14/pravda-li-chto-v-sssr-do-1969-goda-ne-proizvodili-tualetnuyu-bumagu/,CC BY 4.0,https://creativecommons.org/licenses/by/4.0/
pravda-li-chto-v-ukraine-predlozhili-v-desyat-raz-uvelichit-shtrafy-za-russky-yazyk,В Украине предложили в десять раз увеличить штрафы за русский язык.,MIXED,MIXED,provereno_media,2026-06-11,Provereno.Media,https://provereno.media/blog/2026/06/11/pravda-li-chto-v-ukraine-predlozhili-v-desyat-raz-uvelichit-shtrafy-za-russky-yazyk/,CC BY 4.0,https://creativecommons.org/licenses/by/4.0/
pravda-li-chto-v-ukraine-vypustili-detskie-komiksy-o-bandere,В Украине выпустили детские комиксы о Бандере.,TRUE,TRUE,provereno_media,2024-12-26,Provereno.Media,https://provereno.media/blog/2024/12/26/pravda-li-chto-v-ukraine-vypustili-detskie-komiksy-o-bandere/,CC BY 4.0,https://creativecommons.org/licenses/by/4.0/
pravda-li-chto-v-ukraine-vypustili-reklamny-rolik-otsenivayuschy-vyplaty-za-podpisanie-kontrakta-s-vsu-v-chizburgerakh-1,"В Украине выпустили рекламный ролик, оценивающий выплаты за подписание контракта с ВСУ «в чизбургерах».",TRUE,TRUE,provereno_media,2025-03-26,Provereno.Media,https://provereno.media/blog/2025/03/26/pravda-li-chto-v-ukraine-vypustili-reklamny-rolik-otsenivayuschy-vyplaty-za-podpisanie-kontrakta-s-vsu-v-chizburgerakh-1/,CC BY 4.0,https://creativecommons.org/licenses/by/4.0/
pravda-li-chto-v-ukraine-zapustili-gosudarstvenny-messendzher-yedna,В Украине запустили государственный мессенджер Yedná.,MIXED,MIXED,provereno_media,2026-04-03,Provereno.Media,https://provereno.media/blog/2026/04/03/pravda-li-chto-v-ukraine-zapustili-gosudarstvenny-messendzher-yedna/,CC BY 4.0,https://creativecommons.org/licenses/by/4.0/
pravda-li-chto-v-velikobritanii-roditelyam-grozit-tyuremny-srok-esli-oni-pomeshayut-svoemu-rebyonku-sovershit-transgenderny-perekhod,"В Великобритании родителям грозит тюремный срок, если они помешают своему ребёнку совершить трансгендерный переход.",MIXED,MIXED,provereno_media,2026-07-02,Provereno.Media,https://provereno.media/blog/2026/07/02/pravda-li-chto-v-velikobritanii-roditelyam-grozit-tyuremny-srok-esli-oni-pomeshayut-svoemu-rebyonku-sovershit-transgenderny-perekhod/,CC BY 4.0,https://creativecommons.org/licenses/by/4.0/
pravda-li-chto-v-vinnitse-shkolniki-vistroilis-v-svastiku,В Виннице школьники выстроились во дворе школы в нацистскую свастику.,MIXED,MIXED,provereno_media,2026-06-04,Provereno.Media,https://provereno.media/blog/2026/06/04/pravda-li-chto-v-vinnitse-shkolniki-vistroilis-v-svastiku/,CC BY 4.0,https://creativecommons.org/licenses/by/4.0/
pravda-li-chto-vo-vremya-matcha-sbornoy-ukrainy-na-yevro-2024-na-stadione-vyvesili-flag-s-nadpisyu-vernite-nam-vybory,Во время матча сборной Украины на Евро-2024 на стадионе вывесили флаг с надписью «Верните нам выборы».,TRUE,TRUE,provereno_media,2024-07-03,Provereno.Media,https://provereno.media/blog/2024/07/03/pravda-li-chto-vo-vremya-matcha-sbornoy-ukrainy-na-yevro-2024-na-stadione-vyvesili-flag-s-nadpisyu-vernite-nam-vybory/,CC BY 4.0,https://creativecommons.org/licenses/by/4.0/
pravda-li-chto-vo-vremya-vizita-putina-na-alyasku-rossyskoy-delegatsii-prishlos-oplatit-toplivo-dlya-samolyotov-nalichnymi-3,Во время визита Путина на Аляску российской делегации пришлось оплатить топливо для самолётов наличными.,MIXED,MIXED,provereno_media,2025-08-22,Provereno.Media,https://provereno.media/blog/2025/08/22/pravda-li-chto-vo-vremya-vizita-putina-na-alyasku-rossyskoy-delegatsii-prishlos-oplatit-toplivo-dlya-samolyotov-nalichnymi-3/,CC BY 4.0,https://creativecommons.org/licenses/by/4.0/
pravda-li-chto-vo-vremya-vtoroi-mirovoi-voiny-oskary-delali-iz-dereva,Из-за дефицита металла в годы Второй мировой лауреатам премии американской Киноакадемии вручали деревянные статуэтки.,MIXED,MIXED|FALSE,provereno_media,2026-03-15,Provereno.Media,https://provereno.media/blog/2026/03/15/pravda-li-chto-vo-vremya-vtoroi-mirovoi-voiny-oskary-delali-iz-dereva/,CC BY 4.0,https://creativecommons.org/licenses/by/4.0/
pravda-li-chto-voronezhskaya-ulitsa-petra-sazonova-poluchila-nazvanie-v-1970-e-v-chest-nikogda-ne-suschestvovavshego-cheloveka,Воронежская улица Петра Сазонова получила название в 1970-е в честь никогда не существовавшего человека.,FALSE,FALSE,provereno_media,2026-06-17,Provereno.Media,https://provereno.media/blog/2026/06/17/pravda-li-chto-voronezhskaya-ulitsa-petra-sazonova-poluchila-nazvanie-v-1970-e-v-chest-nikogda-ne-suschestvovavshego-cheloveka/,CC BY 4.0,https://creativecommons.org/licenses/by/4.0/
pravda-li-chto-vse-banany-radioaktivny,Все бананы радиоактивны.,TRUE,TRUE,provereno_media,2024-05-14,Provereno.Media,https://provereno.media/blog/2024/05/14/pravda-li-chto-vse-banany-radioaktivny/,CC BY 4.0,https://creativecommons.org/licenses/by/4.0/
pravda-li-chto-yaponiya-povysila-stoimost-viz-dlya-inostrantsev-v-pyat-raz-1,Япония повысила стоимость виз для иностранцев в пять раз.,MIXED,MIXED|TRUE,provereno_media,2026-06-26,Provereno.Media,https://provereno.media/blog/2026/06/26/pravda-li-chto-yaponiya-povysila-stoimost-viz-dlya-inostrantsev-v-pyat-raz-1/,CC BY 4.0,https://creativecommons.org/licenses/by/4.0/
pravda-li-chto-yaponskie-uchyonye-nauchilis-vyraschivat-novye-zuby,Японские учёные научились выращивать новые зубы.,TRUE,TRUE,provereno_media,2025-10-25,Provereno.Media,https://provereno.media/blog/2025/10/25/pravda-li-chto-yaponskie-uchyonye-nauchilis-vyraschivat-novye-zuby/,CC BY 4.0,https://creativecommons.org/licenses/by/4.0/
pravda-li-chto-zhena-ministra-oborony-ukrainy-kupila-elitnuyu-yakhtu,Жена министра обороны Украины Михаила Федорова купила яхту Vertige стоимостью около €26 млн.,FALSE,FALSE,provereno_media,2026-05-12,Provereno.Media,https://provereno.media/blog/2026/05/12/pravda-li-chto-zhena-ministra-oborony-ukrainy-kupila-elitnuyu-yakhtu/,CC BY 4.0,https://creativecommons.org/licenses/by/4.0/
pravda-li-gebbels-govoril-chto-chem-chudovishchnee-lozh-tem-ohotnee-v-neyo-veryat,"Йозеф Геббельс говорил, что чем чудовищнее ложь, тем охотнее в нее верят.",FALSE,FALSE,provereno_media,2022-10-04,Provereno.Media,https://provereno.media/blog/2022/10/04/pravda-li-gebbels-govoril-chto-chem-chudovishchnee-lozh-tem-ohotnee-v-neyo-veryat/,CC BY 4.0,https://creativecommons.org/licenses/by/4.0/
pravdiva-li-eta-istoriya-ob-ispanke-kotoraya-zakhvatila-dom-sudi,"Испанка, чей дом заняли сквоттеры, вселилась в дом судьи, отказавшего ей в выселении сквоттеров.",FALSE,FALSE,provereno_media,2026-06-06,Provereno.Media,https://provereno.media/blog/2026/06/06/pravdiva-li-eta-istoriya-ob-ispanke-kotoraya-zakhvatila-dom-sudi/,CC BY 4.0,https://creativecommons.org/licenses/by/4.0/
pravdiva-li-illyustriruyuschaya-kontseptsiyu-ubuntu-istoriya-pro-antropologa-i-afrikanskikh-detey-otkazavshikhsya-sopernichat,"История об антропологе и африканских детях, отказавшихся соперничать за приз (её часто приводят как иллюстрацию концепции убунту), произошла на самом деле.",FALSE,FALSE,provereno_media,2023-08-15,Provereno.Media,https://provereno.media/blog/2023/08/15/pravdiva-li-illyustriruyuschaya-kontseptsiyu-ubuntu-istoriya-pro-antropologa-i-afrikanskikh-detey-otkazavshikhsya-sopernichat/,CC BY 4.0,https://creativecommons.org/licenses/by/4.0/
pravdiva-li-istoriya-o-eltsine-pomochivshemsya-na-shassi,"История о Ельцине, помочившемся на шасси самолёта в ходе визита в США правдива.",TRUE,TRUE,provereno_media,2023-11-03,Provereno.Media,https://provereno.media/blog/2023/11/03/pravdiva-li-istoriya-o-eltsine-pomochivshemsya-na-shassi/,CC BY 4.0,https://creativecommons.org/licenses/by/4.0/
pravdiva-li-istoriya-o-fizike-makse-planke-i-ego-shofyore,"История о Максе Планке и его шофёре, поменявшихся местами на лекции, произошла в реальности.",MIXED,MIXED|FALSE,provereno_media,2026-06-25,Provereno.Media,https://provereno.media/blog/2026/06/25/pravdiva-li-istoriya-o-fizike-makse-planke-i-ego-shofyore/,CC BY 4.0,https://creativecommons.org/licenses/by/4.0/
pravdiva-li-istoriya-o-frantse-kafke-kotory-pisal-pisma-malenkoy-devochke-ot-imeni-eyo-poteryannoy-kukli,"История о Франце Кафке, который писал письма маленькой девочке от имени её потерянной куклы правдива.",MIXED,MIXED,provereno_media,2025-02-06,Provereno.Media,https://provereno.media/blog/2025/02/06/pravdiva-li-istoriya-o-frantse-kafke-kotory-pisal-pisma-malenkoy-devochke-ot-imeni-eyo-poteryannoy-kukli/,CC BY 4.0,https://creativecommons.org/licenses/by/4.0/
pravdiva-li-istoriya-o-geparde-kotoryj-otkazalsya-sorevnovatsya-s-sobakami,Гепард отказался соревноваться в гонке с собаками.,FALSE,FALSE,provereno_media,2026-05-10,Provereno.Media,https://provereno.media/blog/2026/05/10/pravdiva-li-istoriya-o-geparde-kotoryj-otkazalsya-sorevnovatsya-s-sobakami/,CC BY 4.0,https://creativecommons.org/licenses/by/4.0/
pravdiva-li-istoriya-o-khomyake-spustivshemsya-s-neba-na-parashyute,"Одна девочка помолилась, чтобы бог послал ей хомяка, и вскоре животное буквально свалилось ей на голову.",TRUE,TRUE|MIXED,provereno_media,2025-07-08,Provereno.Media,https://provereno.media/blog/2025/07/08/pravdiva-li-istoriya-o-khomyake-spustivshemsya-s-neba-na-parashyute/,CC BY 4.0,https://creativecommons.org/licenses/by/4.0/
pravdiva-li-istoriya-o-krestyanke-vasilyevoy-rodivshey-69-detey,"История о крестьянке Васильевой, родившей 69 детей правдива.",MIXED,MIXED,provereno_media,2025-02-15,Provereno.Media,https://provereno.media/blog/2025/02/15/pravdiva-li-istoriya-o-krestyanke-vasilyevoy-rodivshey-69-detey/,CC BY 4.0,https://creativecommons.org/licenses/by/4.0/
pravdiva-li-istoriya-o-vrache-kotoraya-ostanovila-anafilaktichesky-shok-u-patsientki-votkn,"Врач остановила анафилактический шок у пациентки, воткнув ей вилку в бедро.",FALSE,FALSE,provereno_media,2026-05-19,Provereno.Media,https://provereno.media/blog/2026/05/19/pravdiva-li-istoriya-o-vrache-kotoraya-ostanovila-anafilaktichesky-shok-u-patsientki-votknuv-ey-v-bedro-vilku/,CC BY 4.0,https://creativecommons.org/licenses/by/4.0/
pravdiva-li-istoriya-o-zhirinovskom-kotory-kidalsya-zemlyoy-v-evreyskikh-studentov1,"История о Жириновском, который кидался землёй в еврейских студентов правдива.",TRUE,TRUE,provereno_media,2024-10-08,Provereno.Media,https://provereno.media/blog/2024/10/08/pravdiva-li-istoriya-o-zhirinovskom-kotory-kidalsya-zemlyoy-v-evreyskikh-studentov1/,CC BY 4.0,https://creativecommons.org/licenses/by/4.0/
pravdiva-li-istoriya-pro-koreyskogo-strimera-kotorogo-srazu-po-priezde-vo-frantsiyu-izbili,"Корейского стримера избили мигранты сразу после прибытия во Францию, когда он приехал снять ролик о безопасной мультикультурности.",MIXED,MIXED,provereno_media,2026-05-25,Provereno.Media,https://provereno.media/blog/2026/05/25/pravdiva-li-istoriya-pro-koreyskogo-strimera-kotorogo-srazu-po-priezde-vo-frantsiyu-izbili-migranty1/,CC BY 4.0,https://creativecommons.org/licenses/by/4.0/
pravdivo-li-eto-video-na-kotorom-migrant-prizyvaet-sootechestvennikov-priezzhat-v-ukrainu,На вирусном видео южноазиатский мигрант призывает соотечественников приезжать в Украину из-за нехватки работников.,FALSE,FALSE,provereno_media,2026-05-28,Provereno.Media,https://provereno.media/blog/2026/05/28/pravdivo-li-eto-video-na-kotorom-migrant-prizyvaet-sootechestvennikov-priezzhat-v-ukrainu/,CC BY 4.0,https://creativecommons.org/licenses/by/4.0/
pravdivo-li-eto-video-ukrainskogo-turista-o-russkom-mire-v-pekine,Вирусное видео снято украинским туристом в Пекине и показывает популярность русской культуры в китайской столице.,FALSE,FALSE,provereno_media,2026-05-26,Provereno.Media,https://provereno.media/blog/2026/05/26/pravdivo-li-eto-video-ukrainskogo-turista-o-russkom-mire-v-pekine/,CC BY 4.0,https://creativecommons.org/licenses/by/4.0/
pravdivo-li-eto-video-v-kotorom-osvobozhdayut-zabroshennuyu-mogilu-chtoby-pokhoronit-v-ney,"В Украине освобождают заброшенные могилы, чтобы хоронить в них погибших украинских военных.",FALSE,FALSE,provereno_media,2026-05-22,Provereno.Media,https://provereno.media/blog/2026/05/22/pravdivo-li-eto-video-v-kotorom-osvobozhdayut-zabroshennuyu-mogilu-chtoby-pokhoronit-v-ney-pogibshego-ukrainskogo-voennogo/,CC BY 4.0,https://creativecommons.org/licenses/by/4.0/
pravdivy-li-eti-foto-na-kotoryh-brendan-frejzer-treniruetsya-dlya-syomok-filma-mumiya-4,"Вирусные фото показывают, как Брендан Фрейзер тренируется для съемок фильма «Мумия 4».",FALSE,FALSE,provereno_media,2026-05-17,Provereno.Media,https://provereno.media/blog/2026/05/17/pravdivy-li-eti-foto-na-kotoryh-brendan-frejzer-treniruetsya-dlya-syomok-filma-mumiya-4/,CC BY 4.0,https://creativecommons.org/licenses/by/4.0/
pravdivy-li-eti-video-pro-indytsev-stirayuschikh-odezhdu-v-reke-v-ivano-frankovske-i-v-fon,"Вирусные видео действительно показывают индийских мигрантов, стирающих одежду в реке в Ивано-Франковске и в фонтане на ВДНХ.",FALSE,FALSE,provereno_media,2026-05-14,Provereno.Media,https://provereno.media/blog/2026/05/14/pravdivy-li-eti-video-pro-indytsev-stirayuschikh-odezhdu-v-reke-v-ivano-frankovske-i-v-fontane-v-moskve1/,CC BY 4.0,https://creativecommons.org/licenses/by/4.0/
pravdivy-li-posty-o-tom-chto-ukraincy-pereprodayut-generatory-poluchennye-v-kachestve-gumanitarnoj-pomoshi-ot-polshi1,"Посты о том, что украинцы перепродают генераторы, полученные в качестве гуманитарной помощи от Польши правдивы.",FALSE,FALSE,provereno_media,2026-02-10,Provereno.Media,https://provereno.media/blog/2026/02/10/pravdivy-li-posty-o-tom-chto-ukraincy-pereprodayut-generatory-poluchennye-v-kachestve-gumanitarnoj-pomoshi-ot-polshi1/,CC BY 4.0,https://creativecommons.org/licenses/by/4.0/
pravdivy-li-slukhi-o-tom-chto-multfilm-khayao-miyadzaki-moy-sosed-totoro-istoriya-o-zagrobnoy-zhizni,"Слухи о том, что мультфильм Хаяо Миядзаки «Мой сосед Тоторо» — история о загробной жизни правдивы.",FALSE,FALSE,provereno_media,2025-01-24,Provereno.Media,https://provereno.media/blog/2025/01/24/pravdivy-li-slukhi-o-tom-chto-multfilm-khayao-miyadzaki-moy-sosed-totoro-istoriya-o-zagrobnoy-zhizni/,CC BY 4.0,https://creativecommons.org/licenses/by/4.0/
predlagal-li-andzhey-duda-razdelit-rossiyu-na-200-etnicheskikh-gosudarstv,Анджей Дуда предлагал разделить Россию на 200 этнических государств.,FALSE,FALSE,provereno_media,2024-06-28,Provereno.Media,https://provereno.media/blog/2024/06/28/predlagal-li-andzhey-duda-razdelit-rossiyu-na-200-etnicheskikh-gosudarstv/,CC BY 4.0,https://creativecommons.org/licenses/by/4.0/
sushhestvuet-li-fraza-pomoshhnika-vudro-vilsona-o-razdele-rossii-na-neskolko-gosudarstv,"Помощник Вудро Вильсона сказал: «Всему миру будет спокойнее, если на месте сегодняшней огромной России появится государство в Сибири и ещё четыре государства в европейской части».",TRUE,TRUE,provereno_media,2021-12-24,Provereno.Media,https://provereno.media/blog/2021/12/24/sushhestvuet-li-fraza-pomoshhnika-vudro-vilsona-o-razdele-rossii-na-neskolko-gosudarstv/,CC BY 4.0,https://creativecommons.org/licenses/by/4.0/
